/* Generated by tools/gen_dos_data.py from reference/upstream; do not edit. */
#include "VLAK.H"

/* Pole, AktScen and Sceny are contiguous in the original data segment. */
unsigned char Mem[MEM_SIZE] = {
    0,0,0,0,0,0,0,0,0,0,0,0,0,0,0,0,0,0,0,0,0,0,0,0,0,0,0,0,0,0,0,0,0,0,0,0,0,0,0,0,0,0,0,0,0,0,0,0,0,0,0,0,0,0,0,0,0,0,0,0,0,0,0,0,0,0,0,0,0,0,0,0,0,0,0,0,0,0,0,0,0,0,0,0,0,0,0,0,0,0,0,0,0,0,0,0,0,0,0,0,0,0,0,0,0,0,0,0,0,0,0,0,0,0,0,0,0,0,0,0,0,0,0,0,0,0,0,0,0,0,0,0,0,0,0,0,0,0,0,0,0,0,0,0,0,0,0,0,0,0,0,0,0,0,0,0,0,0,0,0,0,0,0,0,0,0,0,0,0,0,0,0,0,0,0,0,0,0,0,0,0,0,0,0,0,0,0,0,0,0,0,0,0,0,0,0,0,0,0,0,0,0,0,0,0,0,0,0,0,0,0,0,0,0,0,0,0,0,0,0,0,0,0,0,0,0,0,0,0,0,0,0,0,0,0,0,0,0,0,0,
    1,
    0x00,0x00,0x00,0x00,0x00,0x00,0x00,0x00,0x00,0x00,0x00,0x00,0x00,0x00,0x00,0x00,
    0x00,0x00,0x00,0x00,0x66,0x00,0x00,0x00,0x66,0x6C,0x00,0x00,0x00,0x00,0x00,0x00,
    0x69,0x00,0x00,0x6F,0x00,0x00,0x00,0x6F,0x66,0x00,0x00,0x00,0x66,0x6C,0x00,0x00,
    0x00,0x00,0x00,0x69,0x00,0x69,0x00,0x6F,0x00,0x00,0x6F,0x00,0x66,0x00,0x00,0x00,
    0x66,0x6C,0x00,0x00,0x00,0x00,0x69,0x00,0x00,0x00,0x69,0x6F,0x00,0x6F,0x00,0x00,
    0x66,0x00,0x00,0x00,0x66,0x6C,0x00,0x00,0x00,0x00,0x69,0x00,0x00,0x00,0x69,0x6F,
    0x6F,0x00,0x00,0x00,0x66,0x00,0x00,0x00,0x66,0x6C,0x00,0x00,0x00,0x00,0x69,0x69,
    0x69,0x69,0x69,0x6F,0x00,0x6F,0x00,0x00,0x00,0x66,0x00,0x66,0x00,0x6C,0x00,0x00,
    0x00,0x00,0x69,0x00,0x00,0x00,0x69,0x6F,0x00,0x00,0x6F,0x00,0x00,0x00,0x66,0x00,
    0x00,0x6C,0x6C,0x6C,0x6C,0x6C,0x69,0x00,0x00,0x00,0x69,0x6F,0x00,0x00,0x00,0x6F,
    0x00,0x00,0x00,0x00,0x00,0x00,0x00,0x00,0x00,0x00,0x00,0x00,0x00,0x00,0x00,0x00,
    0x00,0x00,0x00,0x00,0x03,0x00,0x00,0x00,0x00,0x00,0x00,0x00,0x00,0x00,0x00,0x00,
    0x00,0x00,0x00,0x00,0x00,0x00,0x00,0x00,0x00,0x00,0x00,0x00,0x00,0x00,0x00,0x00,
    0x00,0x00,0x00,0x00,0x00,0x00,0x00,0x00,0x00,0x00,0x00,0x00,0x17,0x17,0x17,0x17,
    0x17,0x17,0x17,0x17,0x17,0x18,0x17,0x17,0x17,0x17,0x17,0x17,0x17,0x17,0x17,0x17,
    0x17,0x17,0x17,0x17,0x17,0x17,0x17,0x17,0x17,0x17,0x17,0x17,0x17,0x17,0x17,0x17,
    0x17,0x17,0x17,0x17,0x17,0x00,0x00,0x00,0x00,0x00,0x00,0x00,0x00,0x00,0x00,0x00,
    0x00,0x00,0x00,0x00,0x00,0x00,0x00,0x17,0x17,0x00,0x00,0x00,0x66,0x66,0x66,0x66,
    0x66,0x66,0x66,0x66,0x66,0x66,0x66,0x66,0x00,0x00,0x00,0x17,0x17,0x00,0x00,0x00,
    0x00,0x00,0x00,0x00,0x00,0x00,0x00,0x00,0x00,0x00,0x00,0x00,0x00,0x00,0x00,0x17,
    0x17,0x00,0x00,0x00,0x00,0x00,0x00,0x00,0x00,0x00,0x00,0x00,0x00,0x00,0x00,0x00,
    0x00,0x00,0x00,0x17,0x17,0x03,0x00,0x00,0x00,0x00,0x66,0x66,0x66,0x66,0x66,0x66,
    0x66,0x66,0x00,0x00,0x00,0x00,0x00,0x17,0x17,0x00,0x00,0x00,0x00,0x00,0x00,0x00,
    0x00,0x00,0x00,0x00,0x00,0x00,0x00,0x00,0x00,0x00,0x00,0x17,0x17,0x00,0x00,0x00,
    0x00,0x00,0x00,0x00,0x00,0x00,0x00,0x00,0x00,0x00,0x00,0x00,0x00,0x00,0x00,0x17,
    0x17,0x00,0x00,0x00,0x00,0x00,0x00,0x00,0x66,0x66,0x66,0x66,0x00,0x00,0x00,0x00,
    0x00,0x00,0x00,0x17,0x17,0x00,0x00,0x00,0x00,0x00,0x00,0x00,0x00,0x00,0x00,0x00,
    0x00,0x00,0x00,0x00,0x00,0x00,0x00,0x18,0x17,0x00,0x00,0x00,0x00,0x00,0x00,0x00,
    0x00,0x00,0x00,0x00,0x00,0x00,0x00,0x00,0x00,0x00,0x00,0x17,0x17,0x17,0x17,0x17,
    0x17,0x17,0x17,0x17,0x17,0x17,0x17,0x17,0x17,0x17,0x17,0x17,0x17,0x17,0x17,0x17,
    0x17,0x17,0x17,0x17,0x17,0x17,0x17,0x17,0x17,0x17,0x17,0x17,0x17,0x17,0x17,0x17,
    0x17,0x17,0x17,0x17,0x17,0x00,0x00,0x00,0x00,0x00,0x00,0x00,0x00,0x00,0x00,0x00,
    0x00,0x00,0x00,0x00,0x00,0x00,0x00,0x17,0x17,0x00,0x00,0x00,0x00,0x00,0x00,0x00,
    0x00,0x00,0x00,0x00,0x00,0x00,0x00,0x00,0x00,0x00,0x00,0x17,0x17,0x00,0x00,0x00,
    0x00,0x00,0x66,0x00,0x66,0x00,0x66,0x00,0x66,0x00,0x00,0x00,0x00,0x00,0x00,0x17,
    0x17,0x00,0x00,0x00,0x00,0x00,0x69,0x00,0x69,0x00,0x69,0x00,0x69,0x00,0x00,0x00,
    0x00,0x00,0x00,0x17,0x17,0x00,0x00,0x00,0x00,0x00,0x69,0x69,0x69,0x69,0x69,0x69,
    0x69,0x00,0x00,0x00,0x00,0x00,0x00,0x17,0x17,0x00,0x00,0x00,0x00,0x00,0x69,0x69,
    0x69,0x69,0x69,0x69,0x69,0x00,0x00,0x00,0x00,0x00,0x00,0x17,0x17,0x00,0x00,0x00,
    0x00,0x00,0x69,0x69,0x69,0x69,0x69,0x69,0x69,0x00,0x00,0x00,0x00,0x00,0x00,0x17,
    0x17,0x00,0x00,0x00,0x00,0x00,0x00,0x17,0x17,0x17,0x17,0x17,0x00,0x00,0x00,0x00,
    0x00,0x00,0x00,0x17,0x17,0x00,0x00,0x03,0x00,0x00,0x00,0x00,0x00,0x00,0x00,0x00,
    0x00,0x00,0x00,0x00,0x00,0x00,0x00,0x17,0x17,0x00,0x00,0x00,0x00,0x00,0x00,0x00,
    0x00,0x00,0x00,0x00,0x00,0x00,0x00,0x00,0x00,0x00,0x00,0x17,0x17,0x17,0x17,0x17,
    0x17,0x17,0x17,0x17,0x17,0x18,0x17,0x17,0x17,0x17,0x17,0x17,0x17,0x17,0x17,0x17,
    0x17,0x17,0x17,0x17,0x17,0x17,0x17,0x17,0x17,0x17,0x17,0x17,0x17,0x17,0x17,0x17,
    0x17,0x17,0x17,0x17,0x17,0x00,0x00,0x00,0x00,0x00,0x00,0x00,0x00,0x00,0x00,0x00,
    0x00,0x00,0x00,0x00,0x00,0x00,0x00,0x17,0x17,0x00,0x00,0x66,0x00,0x00,0x00,0x00,
    0x00,0x17,0x00,0x00,0x00,0x00,0x00,0x00,0x00,0x00,0x00,0x17,0x17,0x00,0x66,0x66,
    0x66,0x00,0x00,0x00,0x00,0x17,0x00,0x00,0x00,0x6C,0x00,0x6C,0x00,0x00,0x00,0x17,
    0x17,0x00,0x66,0x69,0x66,0x00,0x00,0x00,0x00,0x17,0x00,0x00,0x6C,0x00,0x6C,0x00,
    0x6C,0x00,0x00,0x17,0x17,0x00,0x66,0x66,0x66,0x00,0x00,0x00,0x00,0x17,0x00,0x00,
    0x00,0x6C,0x00,0x6C,0x00,0x00,0x00,0x17,0x17,0x00,0x00,0x66,0x00,0x00,0x00,0x00,
    0x00,0x18,0x00,0x00,0x6C,0x00,0x6C,0x00,0x6C,0x00,0x00,0x17,0x17,0x00,0x00,0x00,
    0x00,0x00,0x00,0x00,0x00,0x17,0x00,0x00,0x00,0x6C,0x00,0x6C,0x00,0x00,0x00,0x17,
    0x17,0x00,0x00,0x00,0x00,0x00,0x00,0x00,0x00,0x17,0x00,0x00,0x00,0x00,0x00,0x00,
    0x00,0x00,0x00,0x17,0x17,0x00,0x00,0x03,0x00,0x00,0x00,0x00,0x00,0x17,0x00,0x00,
    0x00,0x00,0x00,0x00,0x00,0x00,0x00,0x17,0x17,0x00,0x00,0x00,0x00,0x00,0x00,0x00,
    0x00,0x17,0x00,0x00,0x00,0x00,0x00,0x00,0x00,0x00,0x00,0x17,0x17,0x17,0x17,0x17,
    0x17,0x17,0x17,0x17,0x17,0x17,0x17,0x17,0x17,0x17,0x17,0x17,0x17,0x17,0x17,0x17,
    0x17,0x17,0x17,0x17,0x17,0x17,0x17,0x17,0x17,0x18,0x17,0x17,0x17,0x17,0x17,0x17,
    0x17,0x17,0x17,0x17,0x17,0x00,0x66,0x00,0x66,0x00,0x66,0x00,0x66,0x00,0x66,0x00,
    0x66,0x00,0x66,0x00,0x66,0x00,0x00,0x17,0x17,0x00,0x00,0x00,0x00,0x00,0x00,0x00,
    0x00,0x00,0x00,0x00,0x00,0x00,0x00,0x00,0x00,0x00,0x00,0x17,0x17,0x00,0x00,0x00,
    0x00,0x00,0x00,0x00,0x00,0x00,0x00,0x00,0x00,0x00,0x00,0x00,0x00,0x00,0x00,0x17,
    0x17,0x00,0x00,0x00,0x00,0x00,0x00,0x00,0x00,0x00,0x00,0x00,0x00,0x00,0x00,0x00,
    0x00,0x00,0x00,0x17,0x17,0x03,0x00,0x00,0x00,0x00,0x00,0x00,0x00,0x6F,0x00,0x00,
    0x00,0x00,0x00,0x00,0x00,0x00,0x00,0x17,0x17,0x00,0x00,0x00,0x00,0x00,0x00,0x00,
    0x6F,0x6F,0x6F,0x00,0x00,0x00,0x00,0x00,0x00,0x00,0x00,0x17,0x17,0x00,0x00,0x00,
    0x00,0x00,0x00,0x6F,0x6F,0x6C,0x6F,0x6F,0x00,0x00,0x00,0x00,0x00,0x00,0x00,0x17,
    0x17,0x00,0x00,0x17,0x00,0x00,0x6F,0x6F,0x6C,0x17,0x6C,0x6F,0x6F,0x00,0x00,0x17,
    0x00,0x00,0x00,0x17,0x17,0x00,0x00,0x17,0x00,0x6F,0x6F,0x6C,0x6F,0x17,0x6F,0x6C,
    0x6F,0x6F,0x00,0x17,0x00,0x00,0x00,0x17,0x17,0x00,0x00,0x17,0x6F,0x6F,0x6C,0x6F,
    0x6F,0x6F,0x6F,0x6F,0x6C,0x6F,0x6F,0x17,0x00,0x00,0x00,0x17,0x17,0x17,0x17,0x17,
    0x17,0x17,0x17,0x17,0x17,0x17,0x17,0x17,0x17,0x17,0x17,0x17,0x17,0x17,0x17,0x17,
    0x17,0x17,0x17,0x17,0x17,0x17,0x17,0x17,0x17,0x17,0x17,0x17,0x17,0x17,0x17,0x17,
    0x17,0x17,0x17,0x17,0x17,0x00,0x00,0x00,0x00,0x00,0x00,0x00,0x00,0x00,0x00,0x00,
    0x00,0x00,0x00,0x00,0x00,0x00,0x00,0x17,0x17,0x00,0x6C,0x6C,0x6C,0x6C,0x6C,0x6C,
    0x6C,0x6C,0x6C,0x6C,0x6C,0x6C,0x6C,0x6C,0x6C,0x6C,0x00,0x17,0x17,0x00,0x00,0x00,
    0x00,0x00,0x00,0x00,0x00,0x00,0x00,0x00,0x00,0x00,0x00,0x00,0x00,0x00,0x00,0x17,
    0x17,0x00,0x00,0x72,0x00,0x72,0x00,0x72,0x00,0x17,0x00,0x00,0x72,0x00,0x72,0x00,
    0x72,0x00,0x00,0x17,0x17,0x03,0x00,0x00,0x72,0x00,0x72,0x00,0x00,0x17,0x00,0x00,
    0x00,0x72,0x00,0x72,0x00,0x00,0x00,0x17,0x17,0x00,0x00,0x72,0x00,0x72,0x00,0x72,
    0x00,0x17,0x00,0x00,0x72,0x00,0x72,0x00,0x72,0x00,0x00,0x17,0x17,0x00,0x00,0x00,
    0x72,0x00,0x72,0x00,0x00,0x17,0x00,0x00,0x00,0x72,0x00,0x72,0x00,0x00,0x00,0x17,
    0x18,0x00,0x00,0x72,0x00,0x72,0x00,0x72,0x00,0x17,0x00,0x00,0x72,0x00,0x72,0x00,
    0x72,0x00,0x00,0x17,0x17,0x00,0x00,0x00,0x00,0x00,0x00,0x00,0x00,0x17,0x00,0x00,
    0x00,0x00,0x00,0x00,0x00,0x00,0x00,0x17,0x17,0x00,0x00,0x00,0x00,0x00,0x00,0x00,
    0x00,0x69,0x00,0x00,0x00,0x00,0x00,0x00,0x00,0x00,0x00,0x17,0x17,0x17,0x17,0x17,
    0x17,0x17,0x17,0x17,0x17,0x17,0x17,0x17,0x17,0x17,0x17,0x17,0x17,0x17,0x17,0x17,
    0x17,0x17,0x17,0x17,0x17,0x17,0x17,0x17,0x17,0x17,0x17,0x17,0x17,0x17,0x17,0x17,
    0x17,0x17,0x17,0x17,0x17,0x00,0x00,0x00,0x00,0x00,0x00,0x00,0x00,0x00,0x00,0x00,
    0x00,0x69,0x00,0x00,0x00,0x00,0x00,0x17,0x17,0x00,0x00,0x00,0x00,0x00,0x00,0x00,
    0x75,0x75,0x75,0x00,0x00,0x17,0x00,0x66,0x00,0x00,0x00,0x17,0x17,0x00,0x00,0x00,
    0x00,0x00,0x00,0x75,0x75,0x75,0x75,0x75,0x00,0x17,0x00,0x66,0x00,0x00,0x00,0x17,
    0x17,0x00,0x00,0x00,0x00,0x00,0x00,0x75,0x75,0x75,0x75,0x75,0x00,0x17,0x00,0x66,
    0x00,0x00,0x00,0x17,0x17,0x03,0x00,0x00,0x00,0x00,0x00,0x75,0x75,0x69,0x75,0x75,
    0x00,0x17,0x00,0x66,0x00,0x00,0x00,0x17,0x17,0x00,0x00,0x00,0x00,0x00,0x00,0x75,
    0x75,0x75,0x75,0x75,0x00,0x17,0x00,0x66,0x00,0x00,0x00,0x17,0x17,0x00,0x00,0x00,
    0x00,0x00,0x00,0x75,0x75,0x75,0x75,0x75,0x00,0x17,0x00,0x66,0x00,0x00,0x00,0x17,
    0x17,0x00,0x00,0x00,0x00,0x00,0x00,0x00,0x75,0x75,0x75,0x00,0x00,0x17,0x00,0x66,
    0x00,0x00,0x00,0x17,0x17,0x17,0x17,0x17,0x17,0x17,0x17,0x17,0x17,0x17,0x17,0x17,
    0x17,0x17,0x00,0x66,0x00,0x00,0x00,0x17,0x18,0x00,0x00,0x6C,0x6C,0x6C,0x6C,0x6C,
    0x6C,0x6C,0x6C,0x6C,0x00,0x00,0x00,0x00,0x00,0x00,0x00,0x17,0x17,0x17,0x17,0x17,
    0x17,0x17,0x17,0x17,0x17,0x17,0x17,0x17,0x17,0x17,0x17,0x17,0x17,0x17,0x17,0x17,
    0x17,0x17,0x17,0x17,0x17,0x17,0x17,0x17,0x17,0x18,0x17,0x17,0x17,0x17,0x17,0x17,
    0x17,0x17,0x17,0x17,0x17,0x00,0x00,0x00,0x00,0x00,0x00,0x00,0x00,0x00,0x00,0x00,
    0x00,0x00,0x00,0x00,0x00,0x00,0x00,0x17,0x17,0x00,0x00,0x00,0x00,0x00,0x00,0x00,
    0x00,0x00,0x00,0x00,0x00,0x00,0x00,0x00,0x00,0x00,0x00,0x17,0x17,0x00,0x00,0x00,
    0x66,0x00,0x00,0x00,0x6C,0x6C,0x6C,0x00,0x00,0x00,0x72,0x00,0x72,0x00,0x00,0x17,
    0x17,0x00,0x00,0x00,0x17,0x00,0x00,0x6C,0x00,0x78,0x00,0x6C,0x00,0x00,0x00,0x00,
    0x00,0x00,0x00,0x17,0x17,0x03,0x00,0x00,0x66,0x00,0x00,0x6C,0x78,0x00,0x78,0x6C,
    0x00,0x00,0x00,0x72,0x00,0x72,0x00,0x17,0x17,0x00,0x00,0x00,0x17,0x00,0x00,0x6C,
    0x00,0x78,0x00,0x6C,0x00,0x00,0x00,0x00,0x00,0x00,0x00,0x17,0x17,0x00,0x00,0x00,
    0x66,0x00,0x00,0x6C,0x78,0x00,0x78,0x6C,0x00,0x00,0x72,0x00,0x72,0x00,0x00,0x17,
    0x17,0x00,0x00,0x00,0x17,0x00,0x00,0x6C,0x00,0x17,0x00,0x6C,0x00,0x00,0x00,0x00,
    0x00,0x00,0x00,0x17,0x17,0x00,0x00,0x00,0x66,0x00,0x00,0x00,0x6C,0x17,0x6C,0x00,
    0x00,0x00,0x00,0x72,0x00,0x72,0x00,0x17,0x17,0x00,0x00,0x00,0x00,0x00,0x00,0x00,
    0x00,0x17,0x00,0x00,0x00,0x00,0x00,0x00,0x00,0x00,0x00,0x17,0x17,0x17,0x17,0x17,
    0x17,0x17,0x17,0x17,0x17,0x17,0x17,0x17,0x17,0x17,0x17,0x17,0x17,0x17,0x17,0x17,
    0x17,0x17,0x17,0x17,0x17,0x17,0x17,0x17,0x17,0x17,0x17,0x17,0x17,0x17,0x17,0x17,
    0x17,0x17,0x17,0x17,0x17,0x00,0x00,0x00,0x00,0x00,0x00,0x00,0x00,0x00,0x00,0x00,
    0x00,0x00,0x00,0x00,0x00,0x00,0x00,0x17,0x17,0x00,0x00,0x66,0x00,0x17,0x17,0x17,
    0x17,0x00,0x17,0x17,0x17,0x17,0x00,0x66,0x00,0x00,0x00,0x17,0x17,0x00,0x00,0x66,
    0x00,0x17,0x00,0x00,0x00,0x00,0x00,0x00,0x00,0x17,0x00,0x66,0x00,0x00,0x00,0x17,
    0x17,0x00,0x00,0x66,0x00,0x17,0x00,0x00,0x6C,0x00,0x6C,0x00,0x00,0x17,0x00,0x66,
    0x00,0x00,0x00,0x17,0x17,0x03,0x00,0x66,0x00,0x17,0x00,0x6F,0x00,0x7B,0x00,0x6F,
    0x00,0x17,0x00,0x66,0x00,0x00,0x00,0x17,0x17,0x00,0x00,0x66,0x00,0x17,0x00,0x00,
    0x6C,0x00,0x6C,0x00,0x00,0x17,0x00,0x66,0x00,0x00,0x00,0x17,0x17,0x00,0x00,0x66,
    0x00,0x17,0x00,0x00,0x00,0x78,0x00,0x00,0x00,0x17,0x00,0x66,0x00,0x00,0x00,0x17,
    0x17,0x00,0x00,0x66,0x00,0x17,0x00,0x6C,0x00,0x00,0x00,0x6C,0x00,0x17,0x00,0x66,
    0x00,0x00,0x00,0x17,0x17,0x00,0x00,0x66,0x00,0x17,0x17,0x17,0x17,0x17,0x17,0x17,
    0x17,0x17,0x00,0x66,0x00,0x00,0x00,0x17,0x17,0x00,0x00,0x00,0x00,0x00,0x00,0x00,
    0x00,0x18,0x00,0x00,0x00,0x00,0x00,0x00,0x00,0x00,0x00,0x17,0x17,0x17,0x17,0x17,
    0x17,0x17,0x17,0x17,0x17,0x17,0x17,0x17,0x17,0x17,0x17,0x17,0x17,0x17,0x17,0x17,
    0x17,0x17,0x17,0x17,0x17,0x17,0x17,0x17,0x17,0x17,0x17,0x17,0x17,0x17,0x17,0x17,
    0x17,0x17,0x17,0x17,0x17,0x6F,0x6F,0x6F,0x6F,0x6F,0x6F,0x6F,0x6F,0x6F,0x6F,0x6F,
    0x6F,0x6F,0x6F,0x6F,0x6F,0x6F,0x6F,0x17,0x17,0x00,0x00,0x00,0x00,0x00,0x00,0x00,
    0x00,0x6C,0x6C,0x00,0x00,0x00,0x00,0x00,0x00,0x00,0x00,0x17,0x17,0x00,0x00,0x00,
    0x00,0x00,0x00,0x17,0x17,0x17,0x17,0x17,0x17,0x00,0x00,0x00,0x00,0x00,0x00,0x17,
    0x17,0x00,0x00,0x00,0x00,0x00,0x00,0x17,0x00,0x00,0x00,0x00,0x17,0x00,0x00,0x00,
    0x00,0x00,0x00,0x17,0x17,0x00,0x00,0x66,0x66,0x00,0x00,0x17,0x00,0x7E,0x7E,0x00,
    0x17,0x00,0x00,0x66,0x66,0x00,0x00,0x17,0x17,0x00,0x66,0x66,0x66,0x66,0x00,0x17,
    0x00,0x7E,0x7E,0x00,0x17,0x00,0x66,0x66,0x66,0x66,0x00,0x17,0x17,0x00,0x66,0x66,
    0x66,0x66,0x00,0x17,0x00,0x7E,0x7E,0x00,0x17,0x00,0x66,0x66,0x66,0x66,0x00,0x17,
    0x17,0x00,0x00,0x66,0x66,0x00,0x00,0x17,0x00,0x7E,0x7E,0x00,0x17,0x00,0x00,0x66,
    0x66,0x00,0x00,0x17,0x17,0x00,0x00,0x00,0x00,0x00,0x00,0x17,0x17,0x00,0x00,0x17,
    0x17,0x00,0x00,0x00,0x00,0x00,0x00,0x17,0x17,0x00,0x00,0x00,0x00,0x00,0x00,0x00,
    0x00,0x01,0x00,0x00,0x00,0x00,0x00,0x00,0x00,0x00,0x00,0x17,0x17,0x17,0x17,0x17,
    0x17,0x17,0x17,0x17,0x17,0x18,0x17,0x17,0x17,0x17,0x17,0x17,0x17,0x17,0x17,0x17,
    0x17,0x17,0x17,0x17,0x17,0x17,0x17,0x17,0x17,0x17,0x17,0x17,0x17,0x17,0x17,0x17,
    0x17,0x17,0x17,0x17,0x17,0x00,0x00,0x6C,0x00,0x00,0x00,0x7E,0x00,0x7E,0x00,0x7E,
    0x00,0x00,0x00,0x6C,0x00,0x00,0x00,0x17,0x17,0x00,0x00,0x6C,0x00,0x00,0x00,0x00,
    0x7E,0x00,0x7E,0x00,0x00,0x00,0x00,0x6C,0x00,0x00,0x00,0x17,0x17,0x00,0x00,0x6C,
    0x00,0x17,0x00,0x00,0x00,0x66,0x00,0x00,0x00,0x17,0x00,0x6C,0x00,0x00,0x00,0x17,
    0x17,0x00,0x00,0x6C,0x00,0x17,0x00,0x00,0x00,0x69,0x00,0x00,0x00,0x17,0x00,0x6C,
    0x00,0x00,0x00,0x17,0x17,0x03,0x00,0x78,0x00,0x17,0x00,0x00,0x17,0x18,0x17,0x00,
    0x00,0x17,0x00,0x7B,0x00,0x00,0x00,0x17,0x17,0x00,0x00,0x6C,0x00,0x17,0x72,0x00,
    0x17,0x81,0x17,0x00,0x72,0x17,0x00,0x6C,0x00,0x00,0x00,0x17,0x17,0x00,0x00,0x6C,
    0x00,0x17,0x00,0x00,0x17,0x66,0x17,0x00,0x00,0x17,0x00,0x6C,0x00,0x00,0x00,0x17,
    0x17,0x00,0x00,0x6C,0x00,0x17,0x00,0x00,0x17,0x66,0x17,0x00,0x00,0x17,0x00,0x6C,
    0x00,0x00,0x00,0x17,0x17,0x00,0x00,0x6C,0x00,0x17,0x00,0x00,0x17,0x66,0x17,0x00,
    0x00,0x17,0x00,0x6C,0x00,0x00,0x00,0x17,0x17,0x00,0x00,0x6C,0x00,0x00,0x00,0x00,
    0x00,0x00,0x00,0x00,0x00,0x00,0x00,0x6C,0x00,0x00,0x00,0x17,0x17,0x17,0x17,0x17,
    0x17,0x17,0x17,0x17,0x17,0x17,0x17,0x17,0x17,0x17,0x17,0x17,0x17,0x17,0x17,0x17,
    0x17,0x17,0x17,0x17,0x17,0x17,0x17,0x17,0x17,0x17,0x17,0x17,0x17,0x17,0x17,0x17,
    0x17,0x17,0x17,0x17,0x17,0x00,0x00,0x00,0x00,0x00,0x00,0x78,0x00,0x17,0x17,0x00,
    0x78,0x00,0x00,0x00,0x00,0x00,0x00,0x17,0x17,0x00,0x00,0x00,0x00,0x00,0x00,0x17,
    0x00,0x84,0x84,0x00,0x17,0x00,0x00,0x00,0x00,0x00,0x00,0x17,0x17,0x00,0x00,0x84,
    0x84,0x00,0x17,0x17,0x17,0x17,0x17,0x17,0x17,0x17,0x00,0x84,0x84,0x00,0x00,0x17,
    0x17,0x00,0x00,0x84,0x84,0x00,0x17,0x00,0x00,0x69,0x69,0x00,0x00,0x17,0x00,0x84,
    0x84,0x00,0x00,0x17,0x17,0x03,0x00,0x84,0x00,0x00,0x00,0x18,0x00,0x00,0x00,0x00,
    0x69,0x00,0x00,0x00,0x84,0x00,0x00,0x17,0x17,0x00,0x00,0x84,0x00,0x17,0x6C,0x17,
    0x84,0x00,0x00,0x84,0x17,0x6C,0x17,0x00,0x84,0x00,0x00,0x17,0x17,0x00,0x00,0x84,
    0x00,0x17,0x6C,0x17,0x00,0x84,0x84,0x00,0x17,0x6C,0x17,0x00,0x84,0x00,0x00,0x17,
    0x17,0x00,0x84,0x84,0x00,0x17,0x6C,0x17,0x00,0x84,0x84,0x00,0x17,0x6C,0x17,0x00,
    0x84,0x84,0x00,0x17,0x17,0x00,0x84,0x84,0x00,0x17,0x6C,0x17,0x84,0x84,0x84,0x84,
    0x17,0x6C,0x17,0x00,0x84,0x84,0x00,0x17,0x17,0x00,0x00,0x00,0x00,0x00,0x00,0x17,
    0x00,0x00,0x00,0x00,0x17,0x00,0x00,0x00,0x00,0x00,0x00,0x17,0x17,0x17,0x17,0x17,
    0x17,0x17,0x17,0x17,0x17,0x17,0x17,0x17,0x17,0x17,0x17,0x17,0x17,0x17,0x17,0x17,
    0x17,0x17,0x17,0x17,0x17,0x17,0x17,0x17,0x17,0x18,0x17,0x17,0x17,0x17,0x17,0x17,
    0x17,0x17,0x17,0x17,0x17,0x00,0x00,0x00,0x00,0x00,0x00,0x00,0x00,0x00,0x00,0x00,
    0x00,0x00,0x00,0x00,0x00,0x00,0x00,0x17,0x17,0x00,0x72,0x72,0x72,0x72,0x72,0x72,
    0x72,0x72,0x72,0x72,0x72,0x72,0x72,0x72,0x72,0x72,0x00,0x17,0x17,0x00,0x72,0x00,
    0x00,0x00,0x00,0x00,0x00,0x00,0x00,0x00,0x00,0x00,0x00,0x00,0x00,0x72,0x00,0x17,
    0x17,0x00,0x72,0x00,0x00,0x00,0x00,0x00,0x00,0x00,0x00,0x00,0x00,0x00,0x00,0x00,
    0x00,0x72,0x00,0x17,0x17,0x03,0x72,0x00,0x00,0x00,0x00,0x00,0x00,0x00,0x00,0x00,
    0x00,0x00,0x00,0x00,0x00,0x72,0x00,0x17,0x17,0x00,0x72,0x00,0x81,0x00,0x00,0x00,
    0x00,0x00,0x00,0x00,0x00,0x00,0x00,0x81,0x00,0x72,0x00,0x17,0x17,0x00,0x72,0x00,
    0x17,0x17,0x17,0x17,0x17,0x87,0x17,0x17,0x17,0x17,0x17,0x17,0x00,0x72,0x00,0x17,
    0x17,0x00,0x72,0x00,0x17,0x87,0x87,0x87,0x87,0x00,0x87,0x87,0x87,0x87,0x87,0x17,
    0x00,0x72,0x00,0x17,0x17,0x00,0x72,0x00,0x17,0x87,0x87,0x87,0x87,0x00,0x87,0x87,
    0x87,0x87,0x87,0x17,0x00,0x72,0x00,0x17,0x17,0x00,0x00,0x00,0x17,0x87,0x87,0x87,
    0x87,0x00,0x87,0x87,0x87,0x87,0x87,0x17,0x00,0x00,0x00,0x17,0x17,0x17,0x17,0x17,
    0x17,0x17,0x17,0x17,0x17,0x17,0x17,0x17,0x17,0x17,0x17,0x17,0x17,0x17,0x17,0x17,
    0x17,0x17,0x17,0x17,0x17,0x17,0x17,0x17,0x17,0x17,0x17,0x17,0x17,0x17,0x17,0x17,
    0x17,0x17,0x17,0x17,0x17,0x17,0x7E,0x7E,0x17,0x17,0x00,0x00,0x00,0x00,0x00,0x00,
    0x00,0x00,0x00,0x00,0x00,0x6F,0x6F,0x17,0x17,0x17,0x7E,0x7E,0x7E,0x17,0x00,0x00,
    0x00,0x8A,0x00,0x00,0x00,0x00,0x00,0x00,0x00,0x6F,0x6F,0x17,0x17,0x17,0x7E,0x7E,
    0x7E,0x17,0x00,0x00,0x8A,0x00,0x8A,0x00,0x00,0x00,0x00,0x00,0x00,0x17,0x17,0x17,
    0x17,0x17,0x17,0x7E,0x7E,0x17,0x00,0x00,0x00,0x8A,0x00,0x7B,0x6C,0x69,0x00,0x00,
    0x00,0x00,0x00,0x17,0x17,0x03,0x00,0x00,0x00,0x00,0x00,0x00,0x00,0x00,0x72,0x6C,
    0x17,0x17,0x00,0x66,0x00,0x00,0x00,0x17,0x17,0x00,0x00,0x00,0x00,0x00,0x00,0x00,
    0x7B,0x6C,0x17,0x17,0x17,0x00,0x00,0x00,0x00,0x00,0x00,0x17,0x17,0x00,0x00,0x00,
    0x00,0x00,0x72,0x6C,0x17,0x17,0x17,0x66,0x00,0x66,0x00,0x00,0x00,0x00,0x81,0x17,
    0x17,0x00,0x00,0x00,0x7B,0x6C,0x17,0x17,0x17,0x66,0x00,0x00,0x00,0x00,0x00,0x00,
    0x00,0x17,0x17,0x17,0x17,0x00,0x00,0x6C,0x17,0x17,0x17,0x66,0x00,0x00,0x66,0x00,
    0x66,0x00,0x66,0x00,0x00,0x6F,0x6F,0x17,0x17,0x00,0x72,0x17,0x17,0x00,0x00,0x00,
    0x66,0x00,0x00,0x00,0x87,0x87,0x87,0x00,0x00,0x6F,0x6F,0x17,0x17,0x17,0x17,0x17,
    0x17,0x17,0x17,0x18,0x17,0x17,0x17,0x17,0x17,0x17,0x17,0x17,0x17,0x17,0x17,0x17,
    0x17,0x17,0x17,0x17,0x17,0x17,0x17,0x17,0x17,0x17,0x17,0x17,0x17,0x17,0x17,0x17,
    0x17,0x17,0x17,0x17,0x17,0x8D,0x8D,0x8D,0x00,0x8D,0x00,0x8D,0x00,0x00,0x8D,0x00,
    0x00,0x00,0x00,0x00,0x00,0x00,0x00,0x17,0x17,0x00,0x8D,0x00,0x00,0x8D,0x00,0x8D,
    0x00,0x8D,0x00,0x00,0x00,0x00,0x00,0x00,0x00,0x00,0x00,0x17,0x17,0x00,0x8D,0x00,
    0x00,0x8D,0x00,0x8D,0x8D,0x00,0x00,0x00,0x8D,0x8D,0x8D,0x00,0x00,0x00,0x00,0x17,
    0x17,0x00,0x8D,0x00,0x00,0x8D,0x00,0x8D,0x00,0x8D,0x00,0x00,0x00,0x00,0x00,0x00,
    0x00,0x00,0x00,0x17,0x18,0x03,0x8D,0x00,0x00,0x8D,0x00,0x8D,0x00,0x00,0x8D,0x00,
    0x00,0x00,0x00,0x00,0x00,0x00,0x00,0x17,0x17,0x00,0x00,0x00,0x00,0x00,0x00,0x00,
    0x00,0x00,0x00,0x00,0x00,0x00,0x00,0x00,0x00,0x00,0x00,0x17,0x17,0x00,0x00,0x00,
    0x00,0x00,0x00,0x00,0x8D,0x8D,0x8D,0x00,0x00,0x8D,0x00,0x00,0x8D,0x00,0x8D,0x17,
    0x17,0x00,0x00,0x00,0x00,0x00,0x00,0x00,0x00,0x8D,0x00,0x00,0x8D,0x00,0x8D,0x00,
    0x8D,0x8D,0x00,0x17,0x17,0x00,0x00,0x00,0x00,0x00,0x00,0x00,0x00,0x8D,0x00,0x00,
    0x8D,0x8D,0x8D,0x00,0x8D,0x00,0x8D,0x17,0x17,0x00,0x00,0x00,0x00,0x00,0x00,0x00,
    0x00,0x8D,0x00,0x00,0x8D,0x00,0x8D,0x00,0x8D,0x00,0x8D,0x17,0x17,0x17,0x17,0x17,
    0x17,0x17,0x17,0x17,0x17,0x17,0x17,0x17,0x17,0x17,0x17,0x17,0x17,0x17,0x17,0x17,
    0x17,0x17,0x17,0x17,0x17,0x17,0x17,0x17,0x17,0x17,0x17,0x17,0x17,0x17,0x17,0x17,
    0x17,0x17,0x17,0x17,0x17,0x00,0x00,0x00,0x00,0x00,0x00,0x00,0x00,0x66,0x00,0x00,
    0x00,0x00,0x00,0x00,0x00,0x00,0x00,0x17,0x17,0x00,0x00,0x00,0x17,0x17,0x17,0x17,
    0x17,0x69,0x17,0x17,0x17,0x17,0x17,0x17,0x00,0x00,0x00,0x17,0x17,0x00,0x00,0x00,
    0x17,0x90,0x6C,0x90,0x00,0x00,0x00,0x00,0x78,0x6C,0x78,0x17,0x00,0x00,0x00,0x17,
    0x17,0x00,0x00,0x00,0x17,0x6C,0x90,0x6C,0x00,0x17,0x75,0x00,0x6C,0x78,0x6C,0x17,
    0x00,0x00,0x00,0x17,0x17,0x03,0x00,0x00,0x18,0x17,0x17,0x17,0x84,0x6F,0x17,0x87,
    0x17,0x17,0x17,0x17,0x00,0x00,0x00,0x17,0x17,0x00,0x00,0x00,0x17,0x17,0x17,0x17,
    0x7E,0x6F,0x17,0x7E,0x17,0x17,0x17,0x17,0x00,0x00,0x00,0x17,0x17,0x00,0x00,0x00,
    0x17,0x6C,0x7B,0x6C,0x81,0x17,0x7E,0x81,0x6C,0x72,0x6C,0x17,0x00,0x00,0x00,0x17,
    0x17,0x00,0x00,0x00,0x17,0x7B,0x6C,0x7B,0x81,0x81,0x81,0x81,0x72,0x6C,0x72,0x17,
    0x00,0x00,0x00,0x17,0x17,0x00,0x00,0x00,0x17,0x17,0x17,0x17,0x17,0x17,0x17,0x17,
    0x17,0x17,0x17,0x17,0x00,0x00,0x00,0x17,0x17,0x00,0x00,0x00,0x00,0x00,0x00,0x00,
    0x00,0x00,0x00,0x00,0x00,0x00,0x00,0x00,0x00,0x00,0x00,0x17,0x17,0x17,0x17,0x17,
    0x17,0x17,0x17,0x17,0x17,0x17,0x17,0x17,0x17,0x17,0x17,0x17,0x17,0x17,0x17,0x17,
    0x17,0x17,0x17,0x17,0x17,0x17,0x17,0x17,0x17,0x17,0x17,0x17,0x17,0x17,0x17,0x17,
    0x17,0x17,0x17,0x17,0x17,0x00,0x00,0x00,0x00,0x00,0x00,0x00,0x00,0x00,0x00,0x00,
    0x00,0x00,0x00,0x00,0x00,0x00,0x00,0x17,0x17,0x00,0x00,0x00,0x00,0x17,0x93,0x93,
    0x93,0x93,0x93,0x93,0x93,0x93,0x93,0x17,0x00,0x00,0x00,0x17,0x17,0x00,0x00,0x00,
    0x00,0x00,0x17,0x93,0x93,0x93,0x93,0x93,0x93,0x93,0x17,0x00,0x00,0x00,0x00,0x17,
    0x17,0x00,0x00,0x00,0x00,0x00,0x00,0x17,0x93,0x93,0x93,0x93,0x93,0x17,0x00,0x00,
    0x00,0x00,0x00,0x17,0x17,0x00,0x00,0x00,0x00,0x00,0x00,0x00,0x17,0x93,0x93,0x93,
    0x17,0x00,0x00,0x00,0x00,0x00,0x00,0x17,0x17,0x00,0x00,0x03,0x00,0x00,0x00,0x00,
    0x00,0x17,0x18,0x17,0x00,0x00,0x00,0x00,0x00,0x00,0x00,0x17,0x17,0x00,0x00,0x00,
    0x00,0x00,0x00,0x00,0x00,0x66,0x17,0x66,0x00,0x00,0x00,0x00,0x00,0x00,0x00,0x17,
    0x17,0x00,0x00,0x00,0x00,0x00,0x00,0x00,0x00,0x66,0x17,0x66,0x00,0x00,0x00,0x00,
    0x00,0x00,0x00,0x17,0x17,0x00,0x00,0x00,0x00,0x00,0x00,0x00,0x00,0x17,0x17,0x17,
    0x00,0x00,0x00,0x00,0x00,0x00,0x00,0x17,0x17,0x00,0x00,0x00,0x00,0x00,0x00,0x00,
    0x69,0x69,0x69,0x69,0x69,0x00,0x00,0x00,0x00,0x00,0x00,0x17,0x17,0x17,0x17,0x17,
    0x17,0x17,0x17,0x17,0x17,0x17,0x17,0x17,0x17,0x17,0x17,0x17,0x17,0x17,0x17,0x17,
    0x17,0x17,0x17,0x17,0x17,0x17,0x17,0x17,0x17,0x17,0x17,0x17,0x17,0x17,0x17,0x17,
    0x17,0x17,0x17,0x17,0x17,0x66,0x69,0x66,0x69,0x87,0x87,0x87,0x87,0x87,0x00,0x00,
    0x00,0x00,0x00,0x00,0x00,0x00,0x00,0x17,0x17,0x69,0x66,0x69,0x66,0x17,0x17,0x17,
    0x17,0x96,0x17,0x17,0x17,0x17,0x17,0x00,0x00,0x00,0x00,0x17,0x17,0x66,0x69,0x17,
    0x69,0x17,0x96,0x96,0x96,0x96,0x17,0x96,0x96,0x96,0x17,0x00,0x00,0x00,0x00,0x17,
    0x17,0x69,0x66,0x69,0x66,0x17,0x96,0x17,0x17,0x17,0x17,0x96,0x17,0x96,0x17,0x00,
    0x00,0x00,0x00,0x17,0x17,0x66,0x69,0x66,0x69,0x17,0x96,0x96,0x96,0x96,0x96,0x96,
    0x17,0x96,0x17,0x00,0x00,0x00,0x00,0x17,0x17,0x03,0x66,0x17,0x17,0x17,0x17,0x17,
    0x17,0x17,0x17,0x17,0x96,0x96,0x17,0x00,0x00,0x00,0x00,0x17,0x17,0x66,0x69,0x66,
    0x69,0x17,0x96,0x96,0x96,0x96,0x17,0x96,0x96,0x17,0x17,0x00,0x00,0x00,0x00,0x17,
    0x17,0x69,0x17,0x17,0x66,0x17,0x96,0x17,0x17,0x96,0x96,0x96,0x96,0x96,0x17,0x00,
    0x00,0x00,0x00,0x17,0x17,0x66,0x69,0x66,0x69,0x17,0x96,0x96,0x96,0x17,0x17,0x17,
    0x96,0x96,0x17,0x00,0x00,0x00,0x00,0x17,0x17,0x69,0x66,0x69,0x66,0x17,0x96,0x96,
    0x96,0x96,0x96,0x96,0x96,0x69,0x17,0x00,0x00,0x00,0x00,0x17,0x17,0x17,0x17,0x17,
    0x17,0x17,0x17,0x17,0x17,0x17,0x17,0x17,0x17,0x18,0x17,0x17,0x17,0x17,0x17,0x17,
    0x17,0x17,0x17,0x17,0x17,0x17,0x17,0x17,0x17,0x17,0x17,0x17,0x17,0x17,0x17,0x17,
    0x17,0x17,0x17,0x17,0x17,0x00,0x00,0x00,0x00,0x17,0x00,0x00,0x00,0x00,0x00,0x00,
    0x00,0x18,0x00,0x00,0x00,0x00,0x00,0x17,0x17,0x00,0x81,0x00,0x00,0x17,0x99,0x00,
    0x17,0x00,0x17,0x00,0x99,0x17,0x00,0x00,0x00,0x7E,0x00,0x17,0x17,0x00,0x81,0x00,
    0x00,0x17,0x00,0x00,0x17,0x00,0x17,0x00,0x00,0x17,0x00,0x00,0x7E,0x7E,0x00,0x17,
    0x17,0x00,0x81,0x81,0x00,0x17,0x17,0x17,0x00,0x00,0x00,0x17,0x17,0x17,0x00,0x7E,
    0x7E,0x7E,0x00,0x17,0x17,0x00,0x81,0x81,0x00,0x00,0x66,0x00,0x00,0x7B,0x00,0x00,
    0x66,0x00,0x7E,0x7E,0x7E,0x7E,0x00,0x17,0x17,0x03,0x81,0x81,0x00,0x00,0x66,0x00,
    0x00,0x90,0x00,0x00,0x66,0x00,0x7E,0x7E,0x7E,0x7E,0x00,0x17,0x17,0x00,0x81,0x81,
    0x00,0x17,0x17,0x17,0x00,0x00,0x00,0x17,0x17,0x17,0x00,0x7E,0x7E,0x7E,0x00,0x17,
    0x17,0x00,0x81,0x00,0x00,0x17,0x00,0x00,0x17,0x00,0x17,0x00,0x00,0x17,0x00,0x00,
    0x7E,0x7E,0x00,0x17,0x17,0x00,0x81,0x00,0x00,0x17,0x99,0x00,0x17,0x00,0x17,0x00,
    0x99,0x17,0x00,0x00,0x00,0x7E,0x00,0x17,0x17,0x00,0x00,0x00,0x00,0x17,0x00,0x00,
    0x00,0x00,0x00,0x00,0x00,0x17,0x00,0x00,0x00,0x00,0x00,0x17,0x17,0x17,0x17,0x17,
    0x17,0x17,0x17,0x17,0x17,0x17,0x17,0x17,0x17,0x17,0x17,0x17,0x17,0x17,0x17,0x17,
    0x17,0x17,0x17,0x17,0x17,0x17,0x17,0x17,0x17,0x17,0x17,0x17,0x17,0x17,0x17,0x17,
    0x17,0x17,0x17,0x17,0x17,0x66,0x66,0x66,0x66,0x66,0x66,0x66,0x66,0x66,0x66,0x66,
    0x66,0x66,0x66,0x66,0x66,0x66,0x66,0x17,0x17,0x66,0x66,0x66,0x66,0x66,0x66,0x66,
    0x66,0x66,0x66,0x66,0x66,0x66,0x66,0x66,0x66,0x66,0x66,0x17,0x17,0x66,0x66,0x66,
    0x66,0x66,0x66,0x66,0x66,0x66,0x66,0x66,0x66,0x66,0x66,0x66,0x66,0x66,0x66,0x17,
    0x17,0x66,0x66,0x66,0x66,0x66,0x66,0x66,0x66,0x66,0x66,0x66,0x66,0x66,0x66,0x66,
    0x66,0x66,0x66,0x17,0x17,0x03,0x66,0x66,0x66,0x66,0x66,0x66,0x18,0x66,0x66,0x66,
    0x66,0x66,0x66,0x66,0x66,0x66,0x66,0x17,0x17,0x66,0x66,0x66,0x66,0x66,0x66,0x66,
    0x66,0x66,0x66,0x66,0x66,0x66,0x66,0x66,0x66,0x66,0x66,0x17,0x17,0x66,0x66,0x66,
    0x66,0x66,0x66,0x66,0x66,0x66,0x66,0x66,0x66,0x66,0x66,0x66,0x66,0x66,0x66,0x17,
    0x17,0x66,0x66,0x66,0x66,0x66,0x66,0x66,0x66,0x66,0x66,0x66,0x66,0x66,0x66,0x66,
    0x66,0x66,0x66,0x17,0x17,0x66,0x66,0x66,0x66,0x66,0x66,0x66,0x66,0x66,0x66,0x66,
    0x66,0x66,0x66,0x66,0x66,0x66,0x66,0x17,0x17,0x66,0x66,0x66,0x66,0x66,0x66,0x66,
    0x66,0x66,0x66,0x66,0x66,0x66,0x66,0x66,0x66,0x66,0x66,0x17,0x17,0x17,0x17,0x17,
    0x17,0x17,0x17,0x17,0x17,0x17,0x17,0x17,0x17,0x17,0x17,0x17,0x17,0x17,0x17,0x17,
    0x17,0x17,0x17,0x17,0x17,0x17,0x17,0x17,0x17,0x17,0x17,0x17,0x17,0x17,0x17,0x17,
    0x17,0x17,0x17,0x17,0x17,0x00,0x00,0x00,0x00,0x00,0x00,0x00,0x00,0x00,0x00,0x00,
    0x00,0x00,0x00,0x00,0x00,0x00,0x00,0x17,0x17,0x00,0x00,0x00,0x00,0x69,0x00,0x00,
    0x00,0x00,0x00,0x90,0x90,0x90,0x90,0x00,0x00,0x00,0x00,0x17,0x17,0x00,0x00,0x00,
    0x00,0x17,0x17,0x00,0x00,0x00,0x00,0x17,0x17,0x17,0x17,0x00,0x00,0x00,0x00,0x17,
    0x17,0x00,0x00,0x00,0x17,0x66,0x00,0x17,0x00,0x00,0x17,0x6C,0x7B,0x6C,0x7B,0x17,
    0x00,0x00,0x00,0x17,0x17,0x03,0x00,0x00,0x00,0x00,0x00,0x00,0x17,0x17,0x6C,0x7B,
    0x6C,0x7B,0x6C,0x7B,0x17,0x00,0x00,0x17,0x17,0x00,0x00,0x00,0x17,0x17,0x17,0x00,
    0x00,0x6C,0x7B,0x6C,0x7B,0x6C,0x7B,0x6C,0x17,0x00,0x00,0x17,0x17,0x00,0x00,0x00,
    0x00,0x00,0x00,0x17,0x00,0x7B,0x6C,0x7B,0x6C,0x7B,0x6C,0x7B,0x6C,0x17,0x66,0x17,
    0x17,0x00,0x00,0x00,0x00,0x00,0x00,0x00,0x17,0x17,0x7B,0x6C,0x7B,0x6C,0x7B,0x6C,
    0x7B,0x18,0x00,0x17,0x17,0x00,0x00,0x00,0x00,0x00,0x00,0x00,0x17,0x00,0x17,0x17,
    0x17,0x17,0x17,0x17,0x17,0x00,0x00,0x17,0x17,0x75,0x6F,0x75,0x6F,0x75,0x6F,0x17,
    0x17,0x00,0x00,0x00,0x00,0x00,0x17,0x17,0x00,0x6F,0x75,0x17,0x17,0x17,0x17,0x17,
    0x17,0x17,0x17,0x17,0x17,0x17,0x17,0x17,0x17,0x17,0x17,0x17,0x17,0x17,0x17,0x17,
    0x17,0x17,0x17,0x17,0x17,0x17,0x17,0x17,0x17,0x17,0x17,0x17,0x17,0x17,0x17,0x17,
    0x17,0x17,0x17,0x17,0x17,0x6C,0x6C,0x6C,0x6C,0x17,0x00,0x00,0x00,0x00,0x00,0x00,
    0x00,0x00,0x17,0x6C,0x6C,0x6C,0x6C,0x17,0x17,0x00,0x84,0x00,0x00,0x00,0x17,0x00,
    0x00,0x00,0x00,0x00,0x00,0x17,0x00,0x00,0x00,0x84,0x00,0x17,0x17,0x8D,0x00,0x81,
    0x00,0x00,0x00,0x17,0x00,0x00,0x00,0x00,0x17,0x00,0x00,0x00,0x81,0x00,0x8D,0x17,
    0x17,0x17,0x17,0x17,0x7E,0x00,0x00,0x00,0x17,0x00,0x00,0x17,0x00,0x00,0x00,0x7E,
    0x17,0x17,0x17,0x17,0x17,0x00,0x00,0x00,0x17,0x7E,0x00,0x00,0x00,0x17,0x17,0x00,
    0x00,0x00,0x7E,0x17,0x00,0x00,0x00,0x17,0x17,0x66,0x66,0x00,0x00,0x17,0x7E,0x00,
    0x00,0x03,0x00,0x00,0x00,0x7E,0x17,0x00,0x00,0x66,0x66,0x17,0x17,0x66,0x17,0x66,
    0x00,0x00,0x17,0x7E,0x00,0x93,0x93,0x00,0x7E,0x17,0x00,0x00,0x66,0x17,0x66,0x17,
    0x17,0x00,0x00,0x17,0x66,0x00,0x00,0x17,0x00,0x93,0x93,0x00,0x17,0x00,0x00,0x66,
    0x17,0x00,0x00,0x17,0x17,0x00,0x69,0x00,0x17,0x66,0x00,0x00,0x17,0x93,0x93,0x17,
    0x00,0x00,0x66,0x17,0x00,0x69,0x00,0x17,0x17,0x00,0x00,0x00,0x00,0x17,0x66,0x00,
    0x00,0x93,0x93,0x00,0x00,0x66,0x17,0x00,0x00,0x00,0x00,0x18,0x17,0x17,0x17,0x17,
    0x17,0x17,0x17,0x17,0x17,0x17,0x17,0x17,0x17,0x17,0x17,0x17,0x17,0x17,0x17,0x17,
    0x17,0x17,0x17,0x17,0x17,0x17,0x17,0x17,0x17,0x17,0x17,0x17,0x17,0x17,0x17,0x17,
    0x17,0x17,0x17,0x17,0x17,0x03,0x6C,0x6C,0x6C,0x6C,0x6C,0x6C,0x00,0x6C,0x17,0x6C,
    0x00,0x6C,0x6C,0x6C,0x6C,0x6C,0x6C,0x17,0x17,0x00,0x6C,0x6C,0x6C,0x6C,0x6C,0x6C,
    0x6C,0x6C,0x17,0x6C,0x6C,0x6C,0x6C,0x6C,0x6C,0x6C,0x6C,0x17,0x17,0x6C,0x6C,0x6C,
    0x6C,0x6C,0x6C,0x00,0x6C,0x00,0x17,0x00,0x6C,0x00,0x6C,0x6C,0x6C,0x6C,0x6C,0x17,
    0x17,0x00,0x6C,0x6C,0x6C,0x6C,0x00,0x6C,0x17,0x17,0x17,0x17,0x17,0x6C,0x00,0x6C,
    0x00,0x6C,0x6C,0x17,0x17,0x6C,0x6C,0x6C,0x6C,0x00,0x17,0x00,0x17,0x00,0x00,0x00,
    0x17,0x00,0x17,0x00,0x6C,0x6C,0x6C,0x17,0x17,0x00,0x6C,0x6C,0x6C,0x00,0x17,0x00,
    0x17,0x00,0x78,0x00,0x17,0x00,0x17,0x00,0x6C,0x6C,0x6C,0x17,0x17,0x00,0x00,0x6C,
    0x00,0x00,0x17,0x00,0x17,0x00,0x00,0x00,0x17,0x00,0x17,0x00,0x00,0x6C,0x00,0x17,
    0x17,0x00,0x6C,0x6C,0x6C,0x6C,0x17,0x00,0x17,0x17,0x00,0x17,0x17,0x00,0x17,0x6C,
    0x6C,0x6C,0x6C,0x17,0x17,0x6C,0x6C,0x6C,0x6C,0x17,0x17,0x00,0x00,0x00,0x00,0x00,
    0x00,0x00,0x17,0x17,0x6C,0x6C,0x6C,0x17,0x18,0x00,0x6C,0x00,0x6C,0x00,0x17,0x6C,
    0x6C,0x6C,0x7B,0x6C,0x6C,0x6C,0x17,0x00,0x6C,0x00,0x6C,0x17,0x17,0x17,0x17,0x17,
    0x17,0x17,0x17,0x17,0x17,0x17,0x17,0x17,0x17,0x17,0x17,0x17,0x17,0x17,0x17,0x17,
    0x17,0x17,0x17,0x17,0x17,0x17,0x17,0x17,0x17,0x17,0x17,0x17,0x17,0x17,0x17,0x17,
    0x17,0x17,0x17,0x17,0x17,0x00,0x00,0x00,0x00,0x93,0x93,0x93,0x93,0x00,0x00,0x93,
    0x93,0x00,0x00,0x00,0x00,0x00,0x00,0x17,0x17,0x00,0x00,0x00,0x93,0x17,0x17,0x17,
    0x17,0x93,0x00,0x93,0x93,0x00,0x00,0x00,0x00,0x00,0x00,0x17,0x17,0x00,0x00,0x93,
    0x17,0x17,0x17,0x17,0x17,0x17,0x93,0x93,0x93,0x00,0x00,0x00,0x00,0x00,0x00,0x17,
    0x17,0x00,0x93,0x17,0x17,0x17,0x17,0x17,0x17,0x17,0x17,0x93,0x93,0x00,0x00,0x00,
    0x00,0x00,0x00,0x17,0x17,0x03,0x93,0x17,0x17,0x8A,0x8A,0x8A,0x17,0x17,0x17,0x17,
    0x93,0x00,0x00,0x00,0x00,0x00,0x00,0x17,0x17,0x00,0x93,0x17,0x17,0x8A,0x99,0x8A,
    0x7E,0x7E,0x7E,0x17,0x93,0x00,0x6C,0x00,0x6C,0x00,0x6C,0x17,0x17,0x00,0x93,0x17,
    0x17,0x8A,0x8A,0x8A,0x7E,0x7E,0x7E,0x17,0x93,0x6C,0x6C,0x6C,0x6C,0x6C,0x6C,0x17,
    0x17,0x00,0x93,0x17,0x17,0x17,0x17,0x17,0x7E,0x7E,0x7E,0x17,0x93,0x00,0x6C,0x00,
    0x6C,0x00,0x6C,0x17,0x17,0x00,0x93,0x17,0x17,0x17,0x17,0x17,0x7E,0x7E,0x17,0x17,
    0x93,0x00,0x6C,0x00,0x6C,0x00,0x6C,0x17,0x17,0x00,0x93,0x93,0x93,0x93,0x93,0x93,
    0x93,0x93,0x93,0x93,0x93,0x00,0x6C,0x00,0x6C,0x00,0x6C,0x18,0x17,0x17,0x17,0x17,
    0x17,0x17,0x17,0x17,0x17,0x17,0x17,0x17,0x17,0x17,0x17,0x17,0x17,0x17,0x17,0x17,
    0x17,0x17,0x17,0x17,0x17,0x17,0x17,0x17,0x17,0x17,0x17,0x17,0x17,0x17,0x17,0x17,
    0x17,0x17,0x17,0x17,0x17,0x00,0x75,0x00,0x00,0x17,0x00,0x17,0x00,0x00,0x00,0x17,
    0x00,0x17,0x00,0x00,0x00,0x75,0x00,0x17,0x17,0x00,0x75,0x00,0x00,0x17,0x00,0x17,
    0x00,0x00,0x00,0x17,0x00,0x17,0x00,0x00,0x00,0x75,0x00,0x17,0x17,0x17,0x17,0x17,
    0x00,0x17,0x00,0x17,0x00,0x78,0x00,0x17,0x00,0x17,0x00,0x17,0x17,0x17,0x17,0x17,
    0x17,0x00,0x75,0x00,0x00,0x17,0x00,0x17,0x00,0x7B,0x00,0x17,0x00,0x17,0x00,0x00,
    0x00,0x75,0x00,0x17,0x17,0x00,0x17,0x17,0x17,0x17,0x00,0x17,0x00,0x00,0x00,0x17,
    0x00,0x17,0x17,0x17,0x17,0x17,0x00,0x17,0x17,0x00,0x75,0x00,0x00,0x00,0x00,0x17,
    0x00,0x00,0x00,0x17,0x00,0x00,0x00,0x00,0x00,0x75,0x00,0x17,0x17,0x00,0x17,0x17,
    0x17,0x17,0x00,0x17,0x17,0x04,0x17,0x17,0x00,0x17,0x17,0x17,0x17,0x17,0x00,0x17,
    0x17,0x00,0x75,0x00,0x00,0x17,0x00,0x00,0x6F,0x00,0x6F,0x00,0x00,0x17,0x00,0x00,
    0x00,0x75,0x00,0x17,0x17,0x00,0x00,0x00,0x00,0x17,0x6C,0x00,0x00,0x00,0x00,0x00,
    0x6C,0x17,0x00,0x00,0x00,0x00,0x00,0x17,0x17,0x00,0x75,0x00,0x00,0x17,0x6F,0x6F,
    0x6F,0x6F,0x6F,0x6F,0x6F,0x17,0x00,0x00,0x00,0x75,0x00,0x17,0x17,0x17,0x17,0x17,
    0x17,0x17,0x17,0x17,0x17,0x18,0x17,0x17,0x17,0x17,0x17,0x17,0x17,0x17,0x17,0x17,
    0x17,0x17,0x17,0x17,0x17,0x17,0x17,0x17,0x17,0x17,0x17,0x17,0x17,0x17,0x17,0x17,
    0x17,0x17,0x17,0x17,0x17,0x03,0x66,0x66,0x66,0x66,0x66,0x66,0x66,0x66,0x66,0x66,
    0x66,0x66,0x66,0x66,0x66,0x66,0x66,0x17,0x17,0x00,0x69,0x00,0x69,0x00,0x69,0x00,
    0x69,0x00,0x00,0x69,0x00,0x69,0x00,0x69,0x00,0x69,0x00,0x17,0x17,0x17,0x81,0x81,
    0x66,0x66,0x66,0x66,0x66,0x66,0x66,0x66,0x66,0x66,0x66,0x66,0x81,0x81,0x17,0x17,
    0x17,0x17,0x81,0x81,0x17,0x81,0x81,0x00,0x69,0x00,0x00,0x69,0x00,0x81,0x81,0x17,
    0x81,0x81,0x17,0x17,0x17,0x17,0x81,0x81,0x17,0x81,0x81,0x17,0x81,0x17,0x81,0x81,
    0x17,0x81,0x81,0x17,0x81,0x81,0x17,0x17,0x17,0x17,0x81,0x81,0x17,0x81,0x81,0x17,
    0x81,0x17,0x81,0x81,0x17,0x81,0x81,0x17,0x81,0x81,0x17,0x17,0x17,0x17,0x81,0x81,
    0x17,0x81,0x81,0x17,0x81,0x17,0x81,0x81,0x17,0x81,0x81,0x17,0x81,0x81,0x17,0x17,
    0x17,0x17,0x81,0x81,0x17,0x81,0x81,0x17,0x81,0x17,0x81,0x81,0x17,0x81,0x81,0x17,
    0x81,0x81,0x17,0x17,0x17,0x17,0x81,0x81,0x17,0x81,0x81,0x17,0x81,0x17,0x81,0x81,
    0x17,0x81,0x81,0x17,0x81,0x81,0x17,0x17,0x17,0x17,0x81,0x81,0x17,0x81,0x81,0x17,
    0x81,0x17,0x81,0x81,0x17,0x81,0x81,0x17,0x81,0x81,0x17,0x17,0x17,0x17,0x17,0x17,
    0x17,0x17,0x17,0x17,0x18,0x17,0x17,0x17,0x17,0x17,0x17,0x17,0x17,0x17,0x17,0x17,
    0x17,0x17,0x17,0x17,0x17,0x17,0x17,0x17,0x17,0x17,0x17,0x17,0x17,0x17,0x17,0x17,
    0x17,0x17,0x17,0x17,0x17,0x17,0x17,0x17,0x17,0x17,0x00,0x00,0x00,0x00,0x00,0x00,
    0x6F,0x00,0x75,0x00,0x17,0x17,0x17,0x17,0x17,0x17,0x7B,0x90,0x7B,0x17,0x00,0x00,
    0x00,0x6C,0x6C,0x78,0x93,0x6F,0x17,0x75,0x00,0x17,0x17,0x17,0x17,0x17,0x90,0x7B,
    0x90,0x00,0x00,0x00,0x6C,0x17,0x17,0x6C,0x78,0x93,0x6F,0x17,0x75,0x00,0x17,0x17,
    0x17,0x17,0x7B,0x90,0x7B,0x00,0x00,0x6C,0x17,0x00,0x00,0x17,0x6C,0x78,0x93,0x6F,
    0x17,0x75,0x00,0x17,0x17,0x17,0x90,0x7B,0x90,0x00,0x6C,0x17,0x00,0x00,0x00,0x00,
    0x17,0x6C,0x78,0x93,0x6F,0x17,0x00,0x17,0x17,0x17,0x17,0x17,0x00,0x6C,0x17,0x00,
    0x00,0x00,0x00,0x00,0x00,0x17,0x6C,0x78,0x93,0x6F,0x00,0x17,0x17,0x00,0x00,0x00,
    0x6C,0x17,0x00,0x00,0x00,0x00,0x00,0x00,0x00,0x00,0x17,0x6C,0x78,0x93,0x6F,0x17,
    0x17,0x00,0x00,0x6C,0x17,0x00,0x00,0x00,0x00,0x00,0x00,0x00,0x00,0x00,0x00,0x17,
    0x6C,0x78,0x93,0x17,0x17,0x00,0x6C,0x17,0x00,0x00,0x00,0x00,0x00,0x00,0x00,0x00,
    0x00,0x00,0x00,0x00,0x17,0x6C,0x78,0x17,0x17,0x6C,0x01,0x17,0x00,0x00,0x00,0x00,
    0x00,0x00,0x00,0x00,0x00,0x00,0x00,0x00,0x17,0x18,0x6C,0x17,0x17,0x17,0x17,0x17,
    0x17,0x17,0x17,0x17,0x17,0x17,0x17,0x17,0x17,0x17,0x17,0x17,0x17,0x17,0x17,0x17,
    0x17,0x17,0x17,0x17,0x17,0x17,0x17,0x17,0x17,0x17,0x17,0x17,0x17,0x17,0x17,0x17,
    0x17,0x17,0x17,0x17,0x17,0x03,0x66,0x17,0x17,0x00,0x66,0x00,0x00,0x17,0x00,0x00,
    0x66,0x00,0x00,0x00,0x00,0x00,0x00,0x17,0x17,0x00,0x00,0x00,0x17,0x00,0x17,0x00,
    0x17,0x66,0x00,0x17,0x17,0x17,0x17,0x17,0x00,0x17,0x00,0x17,0x17,0x17,0x17,0x00,
    0x17,0x00,0x17,0x00,0x00,0x00,0x00,0x00,0x00,0x00,0x00,0x17,0x00,0x00,0x00,0x17,
    0x17,0x00,0x00,0x66,0x00,0x00,0x17,0x00,0x17,0x00,0x17,0x17,0x00,0x17,0x17,0x00,
    0x66,0x00,0x00,0x17,0x17,0x00,0x17,0x17,0x17,0x17,0x17,0x66,0x17,0x18,0x17,0x00,
    0x66,0x00,0x00,0x17,0x00,0x17,0x00,0x17,0x17,0x00,0x00,0x00,0x00,0x17,0x00,0x00,
    0x17,0x69,0x00,0x66,0x00,0x17,0x66,0x00,0x00,0x00,0x00,0x17,0x17,0x17,0x17,0x17,
    0x00,0x17,0x00,0x17,0x17,0x00,0x17,0x00,0x66,0x17,0x00,0x17,0x66,0x66,0x00,0x17,
    0x17,0x00,0x00,0x00,0x00,0x17,0x00,0x66,0x00,0x17,0x00,0x66,0x00,0x17,0x00,0x66,
    0x00,0x00,0x17,0x17,0x17,0x00,0x17,0x17,0x00,0x17,0x17,0x00,0x00,0x00,0x17,0x00,
    0x00,0x17,0x66,0x00,0x00,0x17,0x00,0x17,0x17,0x00,0x66,0x00,0x00,0x00,0x17,0x00,
    0x00,0x00,0x17,0x00,0x17,0x00,0x17,0x00,0x17,0x00,0x00,0x17,0x17,0x17,0x17,0x17,
    0x17,0x17,0x17,0x17,0x17,0x17,0x17,0x17,0x17,0x17,0x17,0x17,0x17,0x17,0x17,0x17,
    0x17,0x17,0x17,0x17,0x17,0x17,0x17,0x17,0x17,0x17,0x17,0x17,0x17,0x17,0x17,0x17,
    0x17,0x17,0x17,0x17,0x17,0x00,0x00,0x00,0x00,0x00,0x00,0x00,0x00,0x18,0x00,0x00,
    0x00,0x00,0x00,0x00,0x00,0x00,0x00,0x17,0x17,0x00,0x00,0x00,0x17,0x17,0x00,0x00,
    0x00,0x00,0x00,0x00,0x00,0x00,0x17,0x17,0x00,0x00,0x00,0x17,0x17,0x00,0x00,0x17,
    0x7B,0x7B,0x17,0x00,0x00,0x00,0x00,0x00,0x00,0x17,0x7B,0x7B,0x17,0x00,0x00,0x17,
    0x17,0x00,0x17,0x7B,0x7B,0x7B,0x7B,0x17,0x00,0x17,0x17,0x00,0x17,0x7B,0x7B,0x7B,
    0x7B,0x17,0x00,0x17,0x17,0x03,0x17,0x7B,0x7B,0x7B,0x00,0x00,0x00,0x90,0x90,0x00,
    0x00,0x00,0x7B,0x7B,0x7B,0x17,0x00,0x17,0x17,0x00,0x17,0x7B,0x7B,0x7B,0x00,0x7B,
    0x90,0x90,0x90,0x90,0x17,0x00,0x7B,0x7B,0x7B,0x17,0x00,0x17,0x17,0x00,0x17,0x7B,
    0x7B,0x7B,0x7B,0x17,0x17,0x17,0x17,0x17,0x17,0x7B,0x7B,0x7B,0x7B,0x17,0x00,0x17,
    0x17,0x00,0x00,0x17,0x7B,0x7B,0x17,0x00,0x00,0x00,0x00,0x00,0x00,0x17,0x7B,0x7B,
    0x17,0x00,0x00,0x17,0x17,0x00,0x00,0x00,0x17,0x17,0x00,0x00,0x00,0x00,0x00,0x00,
    0x00,0x00,0x17,0x17,0x00,0x00,0x00,0x17,0x17,0x00,0x00,0x00,0x00,0x00,0x00,0x00,
    0x00,0x00,0x00,0x00,0x00,0x00,0x00,0x00,0x00,0x00,0x00,0x17,0x17,0x17,0x17,0x17,
    0x17,0x17,0x17,0x17,0x17,0x17,0x17,0x17,0x17,0x17,0x17,0x17,0x17,0x17,0x17,0x17,
    0x17,0x17,0x17,0x17,0x17,0x17,0x17,0x17,0x17,0x17,0x17,0x17,0x17,0x17,0x17,0x17,
    0x17,0x17,0x17,0x17,0x17,0x00,0x00,0x00,0x00,0x17,0x00,0x00,0x00,0x00,0x17,0x00,
    0x00,0x00,0x17,0x00,0x00,0x00,0x00,0x17,0x17,0x00,0x00,0x7B,0x00,0x17,0x00,0x72,
    0x00,0x00,0x17,0x00,0x90,0x00,0x17,0x00,0x7B,0x00,0x00,0x17,0x17,0x00,0x00,0x00,
    0x00,0x17,0x00,0x00,0x00,0x00,0x17,0x00,0x00,0x00,0x17,0x00,0x00,0x00,0x00,0x17,
    0x17,0x17,0x17,0x00,0x17,0x17,0x17,0x00,0x17,0x17,0x04,0x17,0x00,0x17,0x17,0x17,
    0x00,0x17,0x17,0x17,0x17,0x6C,0x00,0x00,0x00,0x6C,0x00,0x00,0x00,0x00,0x6C,0x00,
    0x00,0x00,0x6C,0x00,0x00,0x00,0x6C,0x17,0x17,0x6C,0x00,0x00,0x00,0x6C,0x00,0x00,
    0x00,0x00,0x6C,0x00,0x00,0x00,0x6C,0x00,0x00,0x00,0x6C,0x17,0x17,0x17,0x17,0x00,
    0x17,0x17,0x17,0x00,0x17,0x17,0x18,0x17,0x00,0x17,0x17,0x17,0x00,0x17,0x17,0x17,
    0x17,0x00,0x00,0x00,0x00,0x17,0x00,0x00,0x00,0x17,0x00,0x00,0x00,0x00,0x17,0x00,
    0x00,0x00,0x00,0x17,0x17,0x00,0x00,0x72,0x00,0x17,0x00,0x90,0x00,0x17,0x00,0x00,
    0x7B,0x00,0x17,0x00,0x72,0x00,0x00,0x17,0x17,0x00,0x00,0x00,0x00,0x17,0x00,0x00,
    0x00,0x17,0x00,0x00,0x00,0x00,0x17,0x00,0x00,0x00,0x00,0x17,0x17,0x17,0x17,0x17,
    0x17,0x17,0x17,0x17,0x17,0x17,0x17,0x17,0x17,0x17,0x17,0x17,0x17,0x17,0x17,0x17,
    0x17,0x17,0x17,0x17,0x17,0x17,0x17,0x17,0x17,0x17,0x17,0x17,0x17,0x17,0x17,0x17,
    0x17,0x17,0x17,0x17,0x17,0x00,0x00,0x00,0x00,0x00,0x00,0x00,0x00,0x00,0x00,0x00,
    0x00,0x00,0x00,0x00,0x00,0x00,0x00,0x17,0x17,0x00,0x00,0x17,0x17,0x17,0x17,0x17,
    0x17,0x17,0x17,0x17,0x17,0x17,0x17,0x17,0x17,0x00,0x00,0x17,0x17,0x00,0x00,0x17,
    0x8D,0x8D,0x8D,0x8D,0x8D,0x17,0x17,0x66,0x66,0x66,0x66,0x66,0x17,0x00,0x00,0x17,
    0x17,0x00,0x00,0x17,0x78,0x17,0x78,0x78,0x78,0x17,0x17,0x69,0x69,0x69,0x17,0x69,
    0x17,0x00,0x00,0x17,0x17,0x00,0x00,0x17,0x7E,0x17,0x17,0x7E,0x7E,0x17,0x17,0x6F,
    0x6F,0x17,0x17,0x6F,0x17,0x00,0x00,0x17,0x17,0x00,0x00,0x17,0x99,0x87,0x17,0x17,
    0x87,0x17,0x17,0x84,0x17,0x17,0x84,0x84,0x17,0x00,0x00,0x17,0x17,0x00,0x00,0x17,
    0x81,0x81,0x81,0x17,0x81,0x17,0x17,0x72,0x17,0x72,0x72,0x72,0x17,0x00,0x00,0x17,
    0x17,0x00,0x00,0x17,0x8A,0x8A,0x8A,0x8A,0x8A,0x17,0x17,0x93,0x93,0x93,0x93,0x93,
    0x17,0x00,0x00,0x17,0x17,0x00,0x00,0x17,0x17,0x17,0x17,0x6C,0x6C,0x17,0x17,0x6C,
    0x6C,0x17,0x17,0x17,0x17,0x00,0x00,0x17,0x17,0x03,0x00,0x00,0x00,0x00,0x00,0x00,
    0x00,0x00,0x00,0x00,0x00,0x00,0x00,0x00,0x00,0x00,0x00,0x18,0x17,0x17,0x17,0x17,
    0x17,0x17,0x17,0x17,0x17,0x17,0x17,0x17,0x17,0x17,0x17,0x17,0x17,0x17,0x17,0x17,
    0x17,0x17,0x17,0x17,0x17,0x17,0x17,0x17,0x17,0x17,0x17,0x17,0x17,0x17,0x17,0x17,
    0x17,0x17,0x17,0x17,0x17,0x00,0x66,0x00,0x66,0x00,0x66,0x00,0x66,0x6C,0x6C,0x66,
    0x00,0x66,0x00,0x66,0x00,0x66,0x00,0x17,0x17,0x00,0x17,0x17,0x17,0x17,0x17,0x17,
    0x17,0x17,0x17,0x17,0x17,0x17,0x17,0x17,0x17,0x17,0x00,0x17,0x17,0x00,0x66,0x00,
    0x66,0x00,0x66,0x00,0x66,0x6C,0x6C,0x66,0x00,0x66,0x00,0x66,0x00,0x66,0x00,0x17,
    0x17,0x00,0x17,0x17,0x17,0x17,0x17,0x17,0x17,0x17,0x17,0x17,0x17,0x17,0x17,0x17,
    0x17,0x17,0x00,0x17,0x17,0x03,0x66,0x00,0x66,0x00,0x66,0x00,0x66,0x6C,0x6C,0x66,
    0x00,0x66,0x00,0x66,0x00,0x66,0x00,0x17,0x17,0x00,0x17,0x17,0x17,0x17,0x17,0x17,
    0x17,0x17,0x17,0x17,0x17,0x17,0x17,0x17,0x17,0x17,0x00,0x17,0x17,0x00,0x66,0x00,
    0x66,0x00,0x66,0x00,0x66,0x6C,0x6C,0x66,0x00,0x66,0x00,0x66,0x00,0x66,0x00,0x17,
    0x17,0x00,0x17,0x17,0x17,0x17,0x17,0x17,0x17,0x17,0x17,0x17,0x17,0x17,0x17,0x17,
    0x17,0x17,0x00,0x17,0x17,0x00,0x66,0x00,0x66,0x00,0x66,0x00,0x66,0x6C,0x6C,0x66,
    0x00,0x66,0x00,0x66,0x00,0x66,0x00,0x17,0x17,0x00,0x17,0x17,0x17,0x17,0x17,0x17,
    0x17,0x18,0x17,0x17,0x17,0x17,0x17,0x17,0x17,0x17,0x00,0x17,0x17,0x17,0x17,0x17,
    0x17,0x17,0x17,0x17,0x17,0x17,0x17,0x17,0x17,0x17,0x17,0x17,0x17,0x17,0x17,0x17,
    0x17,0x17,0x17,0x17,0x17,0x17,0x17,0x17,0x17,0x17,0x17,0x17,0x17,0x17,0x17,0x17,
    0x17,0x17,0x17,0x17,0x17,0x00,0x00,0x00,0x17,0x6C,0x6C,0x6C,0x6C,0x17,0x17,0x6C,
    0x6C,0x6C,0x6C,0x17,0x6C,0x6C,0x17,0x17,0x17,0x00,0x00,0x17,0x6C,0x6C,0x17,0x6C,
    0x6C,0x17,0x6C,0x6C,0x17,0x6C,0x6C,0x17,0x6C,0x6C,0x6C,0x17,0x17,0x6C,0x17,0x6C,
    0x6C,0x17,0x6C,0x6C,0x17,0x6C,0x6C,0x17,0x6C,0x6C,0x17,0x6C,0x6C,0x17,0x6C,0x17,
    0x17,0x6C,0x6C,0x6C,0x17,0x6C,0x6C,0x17,0x6C,0x6C,0x17,0x6C,0x6C,0x17,0x6C,0x6C,
    0x17,0x6C,0x6C,0x17,0x17,0x03,0x6C,0x17,0x17,0x6C,0x17,0x17,0x6C,0x17,0x17,0x6C,
    0x17,0x17,0x6C,0x17,0x17,0x6C,0x17,0x17,0x17,0x6C,0x6C,0x6C,0x17,0x6C,0x6C,0x17,
    0x6C,0x6C,0x17,0x6C,0x6C,0x17,0x6C,0x6C,0x17,0x6C,0x6C,0x17,0x17,0x6C,0x17,0x6C,
    0x6C,0x17,0x6C,0x6C,0x17,0x6C,0x6C,0x17,0x6C,0x6C,0x17,0x6C,0x6C,0x17,0x6C,0x18,
    0x17,0x6C,0x6C,0x17,0x6C,0x6C,0x17,0x6C,0x6C,0x17,0x6C,0x6C,0x17,0x6C,0x6C,0x17,
    0x6C,0x6C,0x17,0x17,0x17,0x17,0x6C,0x6C,0x17,0x6C,0x6C,0x17,0x6C,0x6C,0x17,0x6C,
    0x6C,0x17,0x6C,0x6C,0x17,0x6C,0x6C,0x17,0x17,0x17,0x17,0x6C,0x6C,0x6C,0x6C,0x17,
    0x17,0x6C,0x6C,0x6C,0x6C,0x17,0x17,0x6C,0x6C,0x6C,0x6C,0x17,0x17,0x17,0x17,0x17,
    0x17,0x17,0x17,0x17,0x17,0x17,0x17,0x17,0x17,0x17,0x17,0x17,0x17,0x17,0x17,0x17,
    0x17,0x17,0x17,0x17,0x17,0x17,0x17,0x17,0x17,0x17,0x17,0x17,0x17,0x17,0x17,0x17,
    0x17,0x17,0x17,0x17,0x17,0x00,0x7E,0x17,0x17,0x17,0x7E,0x00,0x00,0x81,0x81,0x00,
    0x00,0x75,0x75,0x75,0x75,0x00,0x00,0x17,0x17,0x00,0x7E,0x17,0x17,0x17,0x7E,0x00,
    0x81,0x17,0x17,0x81,0x00,0x75,0x17,0x17,0x17,0x75,0x00,0x17,0x17,0x00,0x00,0x7E,
    0x17,0x7E,0x00,0x81,0x17,0x17,0x17,0x17,0x81,0x75,0x17,0x17,0x17,0x75,0x00,0x17,
    0x17,0x00,0x00,0x7E,0x17,0x7E,0x00,0x81,0x17,0x17,0x17,0x17,0x81,0x75,0x17,0x17,
    0x17,0x75,0x00,0x17,0x17,0x03,0x00,0x00,0x7E,0x00,0x00,0x81,0x17,0x17,0x17,0x17,
    0x81,0x75,0x17,0x17,0x17,0x75,0x00,0x17,0x17,0x00,0x00,0x00,0x7E,0x00,0x00,0x81,
    0x17,0x17,0x17,0x17,0x81,0x75,0x75,0x75,0x75,0x00,0x00,0x18,0x17,0x00,0x00,0x7E,
    0x17,0x7E,0x00,0x81,0x17,0x17,0x17,0x17,0x81,0x75,0x17,0x75,0x00,0x00,0x00,0x17,
    0x17,0x00,0x00,0x7E,0x17,0x7E,0x00,0x81,0x17,0x17,0x17,0x17,0x81,0x75,0x17,0x17,
    0x75,0x00,0x00,0x17,0x17,0x00,0x7E,0x17,0x17,0x17,0x7E,0x00,0x81,0x17,0x17,0x81,
    0x00,0x75,0x17,0x17,0x17,0x75,0x00,0x17,0x17,0x00,0x7E,0x17,0x17,0x17,0x7E,0x00,
    0x00,0x81,0x81,0x00,0x00,0x75,0x17,0x17,0x17,0x75,0x00,0x17,0x17,0x17,0x17,0x17,
    0x17,0x17,0x17,0x17,0x17,0x17,0x17,0x17,0x17,0x17,0x17,0x17,0x17,0x17,0x17,0x17,
    0x17,0x17,0x17,0x17,0x17,0x17,0x17,0x17,0x17,0x17,0x17,0x17,0x17,0x17,0x17,0x17,
    0x17,0x17,0x17,0x17,0x17,0x00,0x00,0x00,0x00,0x00,0x00,0x00,0x00,0x01,0x00,0x00,
    0x00,0x00,0x00,0x00,0x00,0x00,0x00,0x17,0x17,0x00,0x00,0x00,0x17,0x93,0x93,0x93,
    0x93,0x93,0x93,0x93,0x93,0x93,0x93,0x17,0x00,0x00,0x00,0x17,0x17,0x00,0x00,0x00,
    0x17,0x17,0x93,0x93,0x93,0x93,0x93,0x93,0x93,0x93,0x17,0x17,0x00,0x00,0x00,0x17,
    0x17,0x00,0x00,0x00,0x17,0x17,0x17,0x93,0x93,0x93,0x93,0x93,0x93,0x17,0x17,0x17,
    0x00,0x00,0x00,0x17,0x17,0x00,0x00,0x00,0x17,0x17,0x17,0x17,0x93,0x93,0x93,0x93,
    0x17,0x17,0x17,0x17,0x00,0x00,0x00,0x17,0x17,0x00,0x00,0x00,0x17,0x17,0x17,0x17,
    0x17,0x93,0x93,0x17,0x17,0x17,0x17,0x17,0x00,0x00,0x00,0x17,0x17,0x00,0x00,0x00,
    0x17,0x17,0x17,0x17,0x93,0x93,0x93,0x93,0x17,0x17,0x17,0x17,0x00,0x00,0x00,0x17,
    0x17,0x00,0x00,0x00,0x17,0x17,0x17,0x93,0x93,0x93,0x93,0x93,0x93,0x17,0x17,0x17,
    0x00,0x00,0x00,0x17,0x17,0x00,0x00,0x00,0x17,0x17,0x93,0x93,0x93,0x93,0x93,0x93,
    0x93,0x93,0x17,0x17,0x00,0x00,0x00,0x17,0x17,0x00,0x00,0x00,0x17,0x17,0x93,0x93,
    0x93,0x93,0x93,0x93,0x93,0x93,0x17,0x17,0x00,0x00,0x00,0x17,0x17,0x17,0x17,0x17,
    0x17,0x17,0x17,0x17,0x17,0x18,0x17,0x17,0x17,0x17,0x17,0x17,0x17,0x17,0x17,0x17,
    0x17,0x17,0x17,0x17,0x17,0x17,0x17,0x17,0x17,0x17,0x17,0x17,0x17,0x17,0x17,0x17,
    0x17,0x17,0x17,0x17,0x17,0x00,0x00,0x00,0x00,0x00,0x00,0x00,0x00,0x69,0x00,0x00,
    0x00,0x00,0x00,0x00,0x00,0x00,0x00,0x17,0x17,0x00,0x00,0x00,0x00,0x00,0x00,0x00,
    0x17,0x18,0x17,0x00,0x00,0x00,0x00,0x00,0x00,0x00,0x00,0x17,0x17,0x00,0x00,0x00,
    0x00,0x00,0x00,0x17,0x72,0x00,0x7B,0x17,0x00,0x00,0x00,0x00,0x00,0x00,0x00,0x17,
    0x17,0x00,0x00,0x00,0x00,0x00,0x17,0x72,0x72,0x00,0x7B,0x7B,0x17,0x00,0x00,0x00,
    0x00,0x00,0x00,0x17,0x17,0x03,0x00,0x00,0x00,0x17,0x72,0x72,0x72,0x00,0x7B,0x7B,
    0x7B,0x17,0x00,0x00,0x00,0x00,0x00,0x17,0x17,0x00,0x00,0x00,0x00,0x17,0x72,0x72,
    0x72,0x00,0x7B,0x7B,0x7B,0x17,0x00,0x00,0x00,0x00,0x00,0x17,0x17,0x00,0x00,0x00,
    0x00,0x00,0x17,0x72,0x72,0x00,0x7B,0x7B,0x17,0x00,0x00,0x00,0x00,0x00,0x00,0x17,
    0x17,0x00,0x00,0x00,0x00,0x00,0x00,0x17,0x72,0x00,0x7B,0x17,0x00,0x00,0x00,0x00,
    0x00,0x00,0x00,0x17,0x17,0x00,0x00,0x00,0x00,0x00,0x00,0x00,0x17,0x00,0x17,0x00,
    0x00,0x00,0x00,0x00,0x00,0x00,0x00,0x17,0x17,0x6C,0x6C,0x6C,0x6C,0x6C,0x6C,0x6C,
    0x6C,0x6C,0x6C,0x6C,0x6C,0x6C,0x6C,0x6C,0x6C,0x6C,0x6C,0x17,0x17,0x17,0x17,0x17,
    0x17,0x17,0x17,0x17,0x17,0x17,0x17,0x17,0x17,0x17,0x17,0x17,0x17,0x17,0x17,0x17,
    0x17,0x17,0x17,0x17,0x17,0x17,0x17,0x17,0x17,0x17,0x17,0x17,0x17,0x17,0x17,0x17,
    0x17,0x17,0x17,0x17,0x17,0x17,0x04,0x17,0x00,0x00,0x00,0x17,0x00,0x00,0x00,0x17,
    0x00,0x00,0x00,0x17,0x00,0x00,0x00,0x17,0x17,0x17,0x00,0x17,0x00,0x69,0x00,0x17,
    0x00,0x69,0x00,0x17,0x00,0x69,0x00,0x17,0x00,0x69,0x00,0x17,0x17,0x17,0x00,0x17,
    0x00,0x17,0x00,0x17,0x00,0x17,0x00,0x17,0x00,0x17,0x00,0x17,0x00,0x17,0x00,0x17,
    0x17,0x17,0x00,0x17,0x00,0x17,0x00,0x17,0x00,0x17,0x00,0x17,0x00,0x17,0x00,0x17,
    0x00,0x17,0x00,0x17,0x17,0x17,0x00,0x17,0x00,0x17,0x00,0x17,0x00,0x17,0x00,0x17,
    0x00,0x17,0x00,0x17,0x00,0x17,0x00,0x17,0x17,0x17,0x00,0x17,0x00,0x17,0x00,0x17,
    0x00,0x17,0x00,0x17,0x00,0x17,0x00,0x17,0x00,0x17,0x00,0x17,0x17,0x17,0x00,0x17,
    0x00,0x17,0x00,0x17,0x00,0x17,0x00,0x17,0x00,0x17,0x00,0x17,0x00,0x17,0x00,0x17,
    0x17,0x17,0x00,0x17,0x00,0x17,0x00,0x17,0x00,0x17,0x00,0x17,0x00,0x17,0x00,0x17,
    0x00,0x17,0x00,0x17,0x17,0x17,0x00,0x69,0x00,0x17,0x00,0x69,0x00,0x17,0x00,0x69,
    0x00,0x17,0x00,0x69,0x00,0x17,0x00,0x17,0x17,0x17,0x00,0x66,0x00,0x17,0x00,0x00,
    0x00,0x17,0x00,0x00,0x00,0x17,0x00,0x66,0x00,0x17,0x00,0x17,0x17,0x17,0x17,0x17,
    0x17,0x17,0x17,0x17,0x17,0x17,0x17,0x17,0x17,0x17,0x17,0x18,0x17,0x17,0x17,0x17,
    0x17,0x17,0x17,0x17,0x17,0x17,0x17,0x17,0x17,0x17,0x17,0x17,0x17,0x17,0x17,0x17,
    0x17,0x17,0x17,0x17,0x17,0x00,0x00,0x00,0x17,0x75,0x75,0x75,0x75,0x75,0x75,0x75,
    0x75,0x75,0x75,0x17,0x00,0x00,0x00,0x17,0x17,0x00,0x00,0x00,0x17,0x75,0x6F,0x6F,
    0x6F,0x75,0x75,0x6F,0x6F,0x6F,0x75,0x17,0x00,0x00,0x00,0x17,0x17,0x00,0x66,0x00,
    0x17,0x75,0x6F,0x17,0x6F,0x75,0x75,0x6F,0x17,0x6F,0x75,0x17,0x00,0x66,0x00,0x17,
    0x17,0x00,0x00,0x00,0x17,0x6F,0x6F,0x17,0x6F,0x6F,0x6F,0x6F,0x17,0x6F,0x6F,0x17,
    0x00,0x00,0x00,0x17,0x17,0x03,0x66,0x00,0x6C,0x6F,0x17,0x17,0x17,0x6F,0x6F,0x17,
    0x17,0x17,0x6F,0x6C,0x00,0x66,0x00,0x18,0x17,0x00,0x00,0x00,0x17,0x6F,0x6F,0x17,
    0x6F,0x6F,0x6F,0x6F,0x17,0x6F,0x6F,0x17,0x00,0x00,0x00,0x17,0x17,0x00,0x66,0x00,
    0x17,0x75,0x6F,0x17,0x6F,0x75,0x75,0x6F,0x17,0x6F,0x75,0x17,0x00,0x66,0x00,0x17,
    0x17,0x00,0x00,0x00,0x17,0x75,0x6F,0x6F,0x6F,0x75,0x75,0x6F,0x6F,0x6F,0x75,0x17,
    0x00,0x00,0x00,0x17,0x17,0x00,0x00,0x00,0x17,0x75,0x75,0x75,0x75,0x75,0x75,0x75,
    0x75,0x75,0x75,0x17,0x00,0x00,0x00,0x17,0x17,0x00,0x00,0x00,0x17,0x17,0x17,0x17,
    0x17,0x17,0x17,0x17,0x17,0x17,0x17,0x17,0x00,0x00,0x00,0x17,0x17,0x17,0x17,0x17,
    0x17,0x17,0x17,0x17,0x17,0x17,0x17,0x17,0x17,0x17,0x17,0x17,0x17,0x17,0x17,0x17,
    0x17,0x17,0x17,0x17,0x17,0x17,0x17,0x17,0x17,0x17,0x17,0x17,0x17,0x17,0x17,0x17,
    0x17,0x17,0x17,0x17,0x17,0x00,0x00,0x00,0x00,0x00,0x00,0x00,0x00,0x00,0x00,0x00,
    0x00,0x00,0x00,0x00,0x00,0x00,0x00,0x17,0x17,0x00,0x00,0x00,0x00,0x00,0x00,0x00,
    0x6C,0x00,0x00,0x6C,0x00,0x00,0x00,0x00,0x00,0x00,0x00,0x17,0x17,0x00,0x00,0x99,
    0x00,0x00,0x00,0x6C,0x17,0x6C,0x6C,0x17,0x6C,0x00,0x00,0x00,0x99,0x00,0x00,0x17,
    0x17,0x00,0x00,0x00,0x00,0x00,0x6C,0x17,0x00,0x00,0x00,0x00,0x17,0x6C,0x00,0x00,
    0x00,0x00,0x00,0x17,0x17,0x03,0x00,0x00,0x00,0x6C,0x17,0x00,0x00,0x17,0x6C,0x00,
    0x00,0x17,0x6C,0x00,0x00,0x00,0x00,0x17,0x17,0x00,0x00,0x00,0x6C,0x17,0x00,0x00,
    0x00,0x17,0x6C,0x00,0x00,0x00,0x17,0x6C,0x00,0x00,0x00,0x17,0x17,0x00,0x00,0x6C,
    0x17,0x6C,0x00,0x6C,0x00,0x00,0x17,0x00,0x6C,0x00,0x6C,0x17,0x6C,0x00,0x00,0x17,
    0x17,0x00,0x6C,0x17,0x00,0x00,0x17,0x17,0x6C,0x6C,0x17,0x6C,0x17,0x17,0x00,0x00,
    0x17,0x6C,0x00,0x17,0x17,0x00,0x17,0x00,0x00,0x00,0x17,0x00,0x00,0x17,0x00,0x00,
    0x00,0x17,0x00,0x00,0x00,0x17,0x6C,0x18,0x17,0x17,0x00,0x00,0x00,0x00,0x17,0x00,
    0x00,0x17,0x00,0x00,0x00,0x17,0x00,0x00,0x00,0x00,0x17,0x17,0x17,0x17,0x17,0x17,
    0x17,0x17,0x17,0x17,0x17,0x17,0x17,0x17,0x17,0x17,0x17,0x17,0x17,0x17,0x17,0x17,
    0x17,0x17,0x17,0x17,0x17,0x17,0x17,0x17,0x17,0x17,0x17,0x17,0x17,0x17,0x17,0x17,
    0x17,0x17,0x17,0x17,0x17,0x03,0x00,0x00,0x00,0x00,0x00,0x00,0x00,0x00,0x00,0x00,
    0x00,0x00,0x00,0x00,0x00,0x00,0x00,0x17,0x17,0x84,0x84,0x84,0x84,0x84,0x84,0x17,
    0x00,0x00,0x84,0x84,0x84,0x84,0x84,0x84,0x84,0x17,0x00,0x17,0x17,0x00,0x84,0x84,
    0x17,0x00,0x84,0x84,0x17,0x00,0x00,0x84,0x84,0x17,0x00,0x00,0x84,0x17,0x00,0x17,
    0x17,0x00,0x84,0x84,0x17,0x00,0x84,0x84,0x17,0x00,0x00,0x84,0x84,0x17,0x00,0x00,
    0x84,0x17,0x00,0x17,0x17,0x00,0x84,0x84,0x17,0x00,0x84,0x84,0x17,0x00,0x00,0x84,
    0x84,0x17,0x84,0x17,0x00,0x00,0x00,0x17,0x17,0x00,0x84,0x84,0x84,0x84,0x84,0x17,
    0x00,0x00,0x00,0x84,0x84,0x84,0x84,0x17,0x00,0x00,0x00,0x17,0x17,0x00,0x84,0x84,
    0x17,0x00,0x00,0x00,0x00,0x00,0x00,0x84,0x84,0x17,0x84,0x17,0x00,0x00,0x00,0x17,
    0x17,0x00,0x84,0x84,0x17,0x00,0x00,0x00,0x00,0x00,0x00,0x84,0x84,0x17,0x00,0x00,
    0x00,0x00,0x00,0x17,0x17,0x00,0x84,0x84,0x17,0x00,0x00,0x00,0x00,0x00,0x00,0x84,
    0x84,0x17,0x00,0x00,0x00,0x00,0x00,0x17,0x17,0x84,0x84,0x84,0x17,0x17,0x00,0x00,
    0x00,0x00,0x84,0x84,0x84,0x17,0x17,0x00,0x00,0x00,0x00,0x18,0x17,0x17,0x17,0x17,
    0x17,0x17,0x17,0x17,0x17,0x17,0x17,0x17,0x17,0x17,0x17,0x17,0x17,0x17,0x17,0x17,
    0x17,0x17,0x17,0x17,0x17,0x17,0x17,0x17,0x17,0x17,0x17,0x17,0x17,0x17,0x17,0x17,
    0x17,0x17,0x17,0x17,0x17,0x17,0x17,0x17,0x17,0x17,0x17,0x17,0x6C,0x6C,0x6C,0x6C,
    0x6C,0x6C,0x6F,0x17,0x17,0x17,0x17,0x17,0x17,0x17,0x17,0x17,0x17,0x17,0x17,0x6C,
    0x6C,0x6C,0x6C,0x6C,0x6C,0x6F,0x6F,0x17,0x17,0x17,0x17,0x17,0x17,0x17,0x17,0x17,
    0x17,0x17,0x6C,0x6C,0x6C,0x6C,0x6C,0x6C,0x6F,0x6F,0x6F,0x17,0x17,0x17,0x17,0x17,
    0x17,0x17,0x17,0x17,0x17,0x72,0x72,0x72,0x72,0x72,0x72,0x72,0x6F,0x6F,0x6F,0x17,
    0x17,0x17,0x17,0x17,0x17,0x17,0x17,0x17,0x03,0x72,0x72,0x72,0x72,0x72,0x72,0x72,
    0x6F,0x6F,0x6F,0x17,0x17,0x17,0x17,0x17,0x17,0x17,0x17,0x17,0x17,0x72,0x72,0x72,
    0x72,0x72,0x72,0x72,0x6F,0x6F,0x6F,0x17,0x17,0x17,0x17,0x17,0x17,0x17,0x17,0x17,
    0x17,0x72,0x72,0x72,0x17,0x72,0x72,0x72,0x6F,0x6F,0x17,0x17,0x17,0x17,0x17,0x17,
    0x17,0x17,0x17,0x17,0x17,0x72,0x72,0x72,0x72,0x72,0x72,0x72,0x6F,0x17,0x17,0x17,
    0x17,0x17,0x17,0x17,0x17,0x17,0x17,0x17,0x17,0x72,0x72,0x72,0x72,0x72,0x72,0x72,
    0x17,0x17,0x17,0x17,0x17,0x17,0x17,0x17,0x17,0x17,0x17,0x17,0x17,0x17,0x17,0x17,
    0x17,0x17,0x17,0x18,0x17,0x17,0x17,0x17,0x17,0x17,0x17,0x17,0x17,0x17,0x17,0x17,
    0x17,0x17,0x17,0x17,0x17,0x17,0x17,0x17,0x17,0x17,0x17,0x17,0x17,0x17,0x17,0x17,
    0x17,0x17,0x17,0x17,0x17,0x17,0x17,0x17,0x17,0x17,0x17,0x17,0x17,0x17,0x17,0x17,
    0x17,0x17,0x17,0x17,0x17,0x00,0x00,0x00,0x00,0x00,0x00,0x00,0x00,0x00,0x00,0x00,
    0x00,0x00,0x00,0x00,0x00,0x00,0x00,0x17,0x17,0x78,0x17,0x78,0x17,0x78,0x17,0x78,
    0x17,0x00,0x00,0x17,0x78,0x17,0x78,0x17,0x78,0x17,0x78,0x17,0x17,0x78,0x17,0x78,
    0x17,0x78,0x17,0x78,0x17,0x00,0x00,0x17,0x78,0x17,0x78,0x17,0x78,0x17,0x78,0x17,
    0x17,0x78,0x17,0x78,0x17,0x78,0x17,0x78,0x17,0x00,0x00,0x17,0x78,0x17,0x78,0x17,
    0x78,0x17,0x78,0x17,0x17,0x78,0x17,0x78,0x17,0x78,0x17,0x78,0x17,0x7B,0x00,0x17,
    0x78,0x17,0x78,0x17,0x78,0x17,0x78,0x17,0x17,0x78,0x17,0x78,0x17,0x78,0x17,0x78,
    0x17,0x00,0x90,0x17,0x78,0x17,0x78,0x17,0x78,0x17,0x78,0x17,0x17,0x78,0x17,0x78,
    0x17,0x78,0x17,0x78,0x17,0x00,0x00,0x17,0x78,0x17,0x78,0x17,0x78,0x17,0x78,0x17,
    0x17,0x78,0x17,0x78,0x17,0x78,0x17,0x78,0x17,0x00,0x00,0x17,0x78,0x17,0x78,0x17,
    0x78,0x17,0x78,0x17,0x17,0x78,0x17,0x78,0x17,0x78,0x17,0x78,0x17,0x00,0x00,0x17,
    0x78,0x17,0x78,0x17,0x78,0x17,0x78,0x17,0x17,0x00,0x00,0x00,0x00,0x00,0x00,0x00,
    0x00,0x00,0x01,0x00,0x00,0x00,0x00,0x00,0x00,0x00,0x00,0x17,0x17,0x17,0x17,0x17,
    0x17,0x17,0x17,0x17,0x17,0x17,0x18,0x17,0x17,0x17,0x17,0x17,0x17,0x17,0x17,0x17,
    0x17,0x17,0x17,0x17,0x17,0x17,0x17,0x17,0x17,0x17,0x17,0x17,0x17,0x17,0x17,0x17,
    0x17,0x17,0x17,0x17,0x17,0x17,0x17,0x17,0x17,0x7E,0x7E,0x17,0x17,0x17,0x17,0x17,
    0x17,0x81,0x18,0x17,0x17,0x17,0x17,0x17,0x17,0x17,0x17,0x17,0x7E,0x7E,0x7E,0x7E,
    0x17,0x17,0x17,0x17,0x17,0x7E,0x7E,0x17,0x17,0x17,0x17,0x17,0x17,0x17,0x17,0x00,
    0x7E,0x7E,0x7E,0x7E,0x00,0x17,0x17,0x17,0x17,0x7E,0x7E,0x17,0x17,0x17,0x17,0x17,
    0x17,0x17,0x17,0x17,0x17,0x7E,0x7E,0x17,0x17,0x17,0x17,0x17,0x17,0x7E,0x7E,0x17,
    0x17,0x17,0x17,0x17,0x17,0x17,0x17,0x17,0x72,0x7E,0x7E,0x7B,0x7B,0x7B,0x7B,0x7B,
    0x7B,0x7E,0x7E,0x72,0x17,0x17,0x17,0x17,0x17,0x17,0x17,0x17,0x72,0x7E,0x7E,0x90,
    0x90,0x90,0x90,0x90,0x90,0x7E,0x7E,0x72,0x17,0x17,0x17,0x17,0x17,0x17,0x17,0x17,
    0x17,0x7E,0x7E,0x17,0x17,0x17,0x17,0x17,0x17,0x7E,0x7E,0x17,0x17,0x17,0x17,0x17,
    0x17,0x17,0x17,0x17,0x17,0x7E,0x7E,0x17,0x17,0x17,0x17,0x00,0x7E,0x7E,0x7E,0x7E,
    0x00,0x17,0x17,0x17,0x17,0x17,0x17,0x17,0x17,0x7E,0x7E,0x17,0x17,0x17,0x17,0x17,
    0x7E,0x7E,0x7E,0x7E,0x17,0x17,0x17,0x17,0x17,0x17,0x17,0x17,0x17,0x81,0x01,0x17,
    0x17,0x17,0x17,0x17,0x17,0x7E,0x7E,0x17,0x17,0x17,0x17,0x17,0x17,0x17,0x17,0x17,
    0x17,0x17,0x17,0x17,0x17,0x17,0x17,0x17,0x17,0x17,0x17,0x17,0x17,0x17,0x17,0x17,
    0x17,0x17,0x17,0x17,0x17,0x17,0x17,0x17,0x17,0x17,0x17,0x17,0x17,0x17,0x17,0x17,
    0x17,0x17,0x17,0x17,0x17,0x00,0x00,0x00,0x8D,0x00,0x00,0x00,0x78,0x17,0x75,0x00,
    0x00,0x00,0x6F,0x00,0x00,0x00,0x00,0x17,0x17,0x00,0x00,0x17,0x17,0x8D,0x00,0x17,
    0x78,0x17,0x75,0x17,0x00,0x6F,0x17,0x17,0x00,0x00,0x00,0x17,0x17,0x00,0x00,0x17,
    0x17,0x17,0x8D,0x00,0x78,0x17,0x75,0x00,0x6F,0x17,0x17,0x17,0x00,0x00,0x00,0x17,
    0x17,0x00,0x00,0x17,0x17,0x17,0x17,0x8D,0x78,0x17,0x75,0x6F,0x17,0x17,0x17,0x17,
    0x00,0x00,0x00,0x17,0x17,0x03,0x6C,0x6C,0x6C,0x6C,0x6C,0x6C,0x00,0x18,0x00,0x6C,
    0x6C,0x6C,0x6C,0x6C,0x6C,0x6C,0x00,0x17,0x17,0x00,0x00,0x17,0x17,0x17,0x17,0x6F,
    0x75,0x17,0x78,0x8D,0x17,0x17,0x17,0x17,0x00,0x00,0x00,0x17,0x17,0x00,0x00,0x17,
    0x17,0x17,0x6F,0x00,0x75,0x17,0x78,0x00,0x8D,0x17,0x17,0x17,0x00,0x00,0x00,0x17,
    0x17,0x00,0x00,0x17,0x17,0x6F,0x00,0x17,0x75,0x17,0x78,0x17,0x00,0x8D,0x17,0x17,
    0x00,0x00,0x00,0x17,0x17,0x00,0x00,0x17,0x6F,0x00,0x17,0x17,0x75,0x17,0x78,0x17,
    0x17,0x00,0x8D,0x17,0x00,0x00,0x00,0x17,0x17,0x00,0x00,0x6F,0x00,0x00,0x00,0x00,
    0x75,0x00,0x78,0x00,0x00,0x00,0x00,0x8D,0x00,0x00,0x00,0x17,0x17,0x17,0x17,0x17,
    0x17,0x17,0x17,0x17,0x17,0x17,0x17,0x17,0x17,0x17,0x17,0x17,0x17,0x17,0x17,0x17,
    0x17,0x17,0x17,0x17,0x17,0x17,0x17,0x17,0x17,0x17,0x17,0x17,0x17,0x17,0x17,0x17,
    0x17,0x17,0x17,0x17,0x17,0x17,0x00,0x6C,0x6C,0x00,0x17,0x17,0x17,0x17,0x17,0x00,
    0x6C,0x6C,0x00,0x17,0x17,0x17,0x17,0x17,0x17,0x00,0x6C,0x17,0x17,0x6C,0x17,0x17,
    0x6C,0x6C,0x00,0x6C,0x17,0x17,0x6C,0x00,0x6C,0x6C,0x00,0x17,0x17,0x6C,0x17,0x17,
    0x17,0x00,0x6C,0x6C,0x00,0x00,0x6C,0x00,0x17,0x17,0x00,0x6C,0x00,0x00,0x6C,0x17,
    0x17,0x6C,0x17,0x00,0x6C,0x6C,0x6C,0x17,0x00,0x6C,0x17,0x6C,0x17,0x00,0x6C,0x17,
    0x6C,0x17,0x00,0x18,0x17,0x03,0x17,0x6C,0x17,0x17,0x6C,0x17,0x6C,0x17,0x17,0x6C,
    0x17,0x6C,0x17,0x17,0x6C,0x17,0x17,0x17,0x17,0x17,0x17,0x6C,0x17,0x17,0x6C,0x17,
    0x6C,0x17,0x17,0x6C,0x17,0x6C,0x17,0x17,0x6C,0x17,0x17,0x17,0x17,0x17,0x17,0x6C,
    0x17,0x6C,0x00,0x17,0x6C,0x17,0x17,0x6C,0x17,0x6C,0x17,0x17,0x6C,0x17,0x17,0x17,
    0x17,0x17,0x17,0x00,0x6C,0x00,0x17,0x17,0x6C,0x17,0x6C,0x00,0x17,0x6C,0x17,0x6C,
    0x00,0x17,0x17,0x17,0x17,0x17,0x17,0x17,0x17,0x17,0x17,0x17,0x00,0x6C,0x00,0x17,
    0x17,0x00,0x6C,0x00,0x17,0x17,0x17,0x17,0x17,0x17,0x17,0x17,0x17,0x17,0x17,0x17,
    0x17,0x17,0x17,0x17,0x17,0x17,0x17,0x17,0x17,0x17,0x17,0x17,0x17,0x17,0x17,0x17,
    0x17,0x17,0x17,0x17,0x17,0x17,0x17,0x17,0x17,0x17,0x17,0x17,0x17,0x17,0x17,0x17,
    0x17,0x17,0x17,0x17,0x17,0x17,0x17,0x17,0x17,0x17,0x17,0x17,0x17,0x17,0x17,0x17,
    0x17,0x17,0x17,0x17,0x17,0x00,0x7E,0x7E,0x00,0x01,0x00,0x00,0x81,0x81,0x00,0x00,
    0x00,0x00,0x75,0x75,0x00,0x00,0x00,0x17,0x17,0x7E,0x17,0x17,0x7E,0x00,0x00,0x81,
    0x17,0x17,0x81,0x00,0x00,0x75,0x17,0x17,0x75,0x00,0x00,0x17,0x17,0x7E,0x17,0x17,
    0x7E,0x00,0x00,0x81,0x17,0x17,0x81,0x00,0x00,0x75,0x17,0x17,0x75,0x00,0x00,0x17,
    0x18,0x00,0x7E,0x7E,0x00,0x00,0x00,0x00,0x81,0x81,0x00,0x00,0x00,0x00,0x75,0x75,
    0x00,0x00,0x00,0x17,0x17,0x17,0x6C,0x6C,0x17,0x17,0x17,0x17,0x6C,0x6C,0x17,0x17,
    0x17,0x17,0x6C,0x6C,0x17,0x17,0x17,0x17,0x17,0x17,0x6C,0x6C,0x17,0x17,0x17,0x17,
    0x6C,0x6C,0x17,0x17,0x17,0x17,0x6C,0x6C,0x17,0x17,0x17,0x17,0x17,0x00,0x7E,0x7E,
    0x00,0x00,0x00,0x00,0x81,0x81,0x00,0x00,0x00,0x00,0x6F,0x6F,0x00,0x00,0x00,0x17,
    0x17,0x7E,0x17,0x17,0x7E,0x00,0x00,0x81,0x17,0x17,0x81,0x00,0x00,0x6F,0x17,0x17,
    0x6F,0x00,0x00,0x17,0x17,0x7E,0x17,0x17,0x7E,0x00,0x00,0x81,0x17,0x17,0x81,0x00,
    0x00,0x6F,0x17,0x17,0x6F,0x00,0x00,0x17,0x17,0x00,0x7E,0x7E,0x00,0x00,0x00,0x00,
    0x81,0x81,0x00,0x00,0x00,0x00,0x17,0x17,0x00,0x00,0x00,0x17,0x17,0x17,0x17,0x17,
    0x17,0x17,0x17,0x17,0x17,0x17,0x17,0x17,0x17,0x17,0x17,0x17,0x17,0x17,0x17,0x17,
    0x17,0x17,0x17,0x17,0x17,0x17,0x17,0x17,0x17,0x17,0x17,0x17,0x17,0x17,0x17,0x17,
    0x17,0x17,0x17,0x17,0x17,0x03,0x00,0x90,0x00,0x17,0x72,0x72,0x17,0x00,0x7B,0x00,
    0x7B,0x00,0x7B,0x00,0x17,0x00,0x00,0x17,0x17,0x00,0x90,0x00,0x90,0x17,0x72,0x7B,
    0x17,0x00,0x00,0x90,0x00,0x90,0x00,0x00,0x17,0x6C,0x78,0x17,0x17,0x00,0x00,0x90,
    0x00,0x17,0x72,0x72,0x00,0x00,0x00,0x00,0x72,0x00,0x00,0x00,0x00,0x00,0x00,0x17,
    0x17,0x90,0x00,0x00,0x00,0x17,0x90,0x72,0x72,0x00,0x7B,0x00,0x00,0x00,0x7B,0x00,
    0x17,0x17,0x17,0x17,0x17,0x00,0x90,0x00,0x00,0x17,0x17,0x17,0x17,0x00,0x00,0x90,
    0x00,0x90,0x00,0x00,0x00,0x00,0x00,0x17,0x17,0x17,0x17,0x17,0x00,0x90,0x00,0x90,
    0x00,0x90,0x00,0x17,0x17,0x17,0x17,0x90,0x00,0x00,0x00,0x17,0x17,0x00,0x6C,0x00,
    0x00,0x00,0x90,0x00,0x90,0x00,0x00,0x7B,0x7B,0x7B,0x17,0x90,0x90,0x00,0x00,0x17,
    0x17,0x78,0x78,0x17,0x90,0x00,0x00,0x90,0x00,0x00,0x00,0x00,0x7B,0x7B,0x17,0x90,
    0x90,0x90,0x00,0x17,0x18,0x6C,0x6C,0x17,0x00,0x90,0x00,0x00,0x90,0x00,0x00,0x17,
    0x7B,0x7B,0x17,0x90,0x90,0x90,0x90,0x17,0x17,0x78,0x78,0x17,0x90,0x00,0x90,0x00,
    0x00,0x00,0x7B,0x17,0x7B,0x7B,0x17,0x90,0x90,0x90,0x90,0x17,0x17,0x17,0x17,0x17,
    0x17,0x17,0x17,0x17,0x17,0x17,0x17,0x17,0x17,0x17,0x17,0x17,0x17,0x17,0x17,0x17,
    0x17,0x17,0x17,0x17,0x17,0x17,0x17,0x17,0x17,0x17,0x17,0x17,0x17,0x17,0x17,0x17,
    0x17,0x17,0x17,0x17,0x17,0x00,0x00,0x00,0x00,0x93,0x00,0x00,0x00,0x00,0x00,0x00,
    0x00,0x93,0x00,0x00,0x00,0x00,0x00,0x17,0x17,0x00,0x17,0x17,0x17,0x93,0x17,0x87,
    0x17,0x99,0x17,0x87,0x17,0x93,0x17,0x17,0x17,0x17,0x00,0x17,0x17,0x00,0x87,0x87,
    0x87,0x93,0x17,0x87,0x17,0x99,0x17,0x87,0x17,0x93,0x87,0x87,0x87,0x87,0x00,0x17,
    0x17,0x00,0x17,0x17,0x17,0x93,0x17,0x87,0x17,0x99,0x17,0x87,0x17,0x93,0x17,0x17,
    0x17,0x17,0x00,0x17,0x17,0x00,0x87,0x87,0x87,0x93,0x17,0x87,0x17,0x99,0x17,0x87,
    0x17,0x93,0x87,0x87,0x87,0x87,0x00,0x17,0x17,0x03,0x17,0x17,0x17,0x93,0x17,0x87,
    0x17,0x99,0x17,0x87,0x17,0x93,0x17,0x17,0x17,0x17,0x00,0x17,0x17,0x00,0x87,0x87,
    0x87,0x93,0x17,0x87,0x17,0x99,0x17,0x87,0x17,0x93,0x87,0x87,0x87,0x87,0x00,0x17,
    0x17,0x00,0x17,0x17,0x17,0x93,0x17,0x87,0x17,0x99,0x17,0x87,0x17,0x93,0x17,0x17,
    0x17,0x17,0x00,0x17,0x17,0x00,0x87,0x87,0x87,0x93,0x17,0x87,0x17,0x99,0x17,0x87,
    0x17,0x93,0x87,0x87,0x87,0x87,0x00,0x17,0x17,0x00,0x00,0x00,0x00,0x00,0x00,0x00,
    0x00,0x00,0x00,0x00,0x00,0x00,0x00,0x00,0x00,0x00,0x00,0x17,0x17,0x17,0x17,0x17,
    0x17,0x17,0x17,0x17,0x17,0x18,0x17,0x17,0x17,0x17,0x17,0x17,0x17,0x17,0x17,0x17,
    0x17,0x17,0x17,0x17,0x17,0x17,0x17,0x17,0x17,0x17,0x17,0x17,0x17,0x17,0x17,0x17,
    0x17,0x17,0x17,0x17,0x17,0x00,0x00,0x00,0x00,0x00,0x17,0x17,0x17,0x17,0x17,0x17,
    0x17,0x17,0x00,0x00,0x00,0x00,0x00,0x17,0x17,0x00,0x75,0x17,0x6F,0x00,0x17,0x7B,
    0x7B,0x7B,0x7B,0x7B,0x7B,0x17,0x00,0x6F,0x17,0x75,0x00,0x17,0x17,0x00,0x75,0x17,
    0x6F,0x00,0x17,0x6C,0x17,0x72,0x72,0x17,0x6C,0x17,0x00,0x6F,0x17,0x75,0x00,0x17,
    0x17,0x00,0x75,0x17,0x6F,0x00,0x17,0x90,0x90,0x17,0x17,0x90,0x90,0x17,0x00,0x6F,
    0x17,0x75,0x00,0x17,0x17,0x03,0x17,0x17,0x17,0x00,0x7E,0x90,0x90,0x78,0x78,0x90,
    0x90,0x7E,0x00,0x17,0x17,0x17,0x00,0x18,0x17,0x00,0x6F,0x17,0x75,0x00,0x17,0x90,
    0x90,0x17,0x17,0x90,0x90,0x17,0x00,0x75,0x17,0x6F,0x00,0x17,0x17,0x00,0x6F,0x17,
    0x75,0x00,0x17,0x6C,0x17,0x72,0x72,0x17,0x6C,0x17,0x00,0x75,0x17,0x6F,0x00,0x17,
    0x17,0x00,0x6F,0x17,0x75,0x00,0x17,0x7B,0x7B,0x7B,0x7B,0x7B,0x7B,0x17,0x00,0x75,
    0x17,0x6F,0x00,0x17,0x17,0x00,0x00,0x00,0x00,0x00,0x17,0x17,0x17,0x17,0x17,0x17,
    0x17,0x17,0x00,0x00,0x00,0x00,0x00,0x17,0x17,0x00,0x00,0x00,0x00,0x00,0x00,0x00,
    0x00,0x17,0x17,0x00,0x00,0x00,0x00,0x00,0x00,0x00,0x00,0x17,0x17,0x17,0x17,0x17,
    0x17,0x17,0x17,0x17,0x17,0x17,0x17,0x17,0x17,0x17,0x17,0x17,0x17,0x17,0x17,0x17,
    0x17,0x17,0x17,0x17,0x17,0x17,0x17,0x17,0x17,0x17,0x17,0x17,0x17,0x17,0x17,0x17,
    0x17,0x17,0x17,0x17,0x17,0x00,0x00,0x00,0x00,0x00,0x00,0x00,0x00,0x03,0x00,0x00,
    0x00,0x00,0x00,0x00,0x00,0x00,0x00,0x17,0x17,0x00,0x17,0x6C,0x17,0x17,0x6C,0x6C,
    0x17,0x6C,0x6C,0x17,0x6C,0x6C,0x17,0x17,0x6C,0x17,0x00,0x17,0x17,0x00,0x17,0x6C,
    0x00,0x17,0x17,0x6C,0x17,0x6C,0x6C,0x17,0x6C,0x17,0x17,0x00,0x6C,0x17,0x00,0x17,
    0x17,0x00,0x17,0x99,0x6C,0x00,0x17,0x6C,0x6C,0x17,0x17,0x6C,0x6C,0x17,0x00,0x6C,
    0x99,0x17,0x00,0x17,0x17,0x00,0x00,0x17,0x99,0x6C,0x00,0x6C,0x6C,0x17,0x17,0x6C,
    0x6C,0x00,0x6C,0x99,0x17,0x00,0x00,0x17,0x17,0x00,0x00,0x00,0x17,0x99,0x6C,0x00,
    0x17,0x6C,0x6C,0x17,0x00,0x6C,0x99,0x17,0x00,0x00,0x00,0x17,0x17,0x00,0x00,0x00,
    0x00,0x17,0x99,0x6C,0x17,0x6C,0x6C,0x17,0x6C,0x99,0x17,0x00,0x00,0x00,0x00,0x17,
    0x17,0x00,0x72,0x00,0x00,0x00,0x17,0x87,0x87,0x87,0x87,0x87,0x87,0x17,0x00,0x00,
    0x00,0x72,0x00,0x17,0x17,0x00,0x00,0x72,0x00,0x00,0x00,0x17,0x17,0x17,0x17,0x17,
    0x17,0x00,0x00,0x00,0x72,0x00,0x00,0x17,0x17,0x00,0x00,0x00,0x00,0x00,0x00,0x00,
    0x00,0x18,0x17,0x00,0x00,0x00,0x00,0x00,0x00,0x00,0x00,0x17,0x17,0x17,0x17,0x17,
    0x17,0x17,0x17,0x17,0x17,0x17,0x17,0x17,0x17,0x17,0x17,0x17,0x17,0x17,0x17,0x17,
    0x17,0x17,0x17,0x17,0x17,0x17,0x17,0x17,0x17,0x17,0x17,0x17,0x17,0x17,0x17,0x17,
    0x17,0x17,0x17,0x17,0x17,0x66,0x69,0x6C,0x6F,0x72,0x75,0x78,0x7B,0x7E,0x81,0x84,
    0x87,0x8A,0x8D,0x90,0x93,0x96,0x99,0x17,0x17,0x66,0x69,0x6C,0x6F,0x17,0x17,0x17,
    0x17,0x7E,0x81,0x17,0x17,0x17,0x17,0x90,0x93,0x96,0x99,0x17,0x17,0x66,0x69,0x6C,
    0x6F,0x17,0x75,0x78,0x7B,0x7E,0x81,0x17,0x00,0x00,0x17,0x90,0x93,0x96,0x99,0x17,
    0x18,0x66,0x69,0x6C,0x6F,0x17,0x75,0x78,0x7B,0x7E,0x81,0x17,0x00,0x00,0x17,0x90,
    0x93,0x96,0x99,0x17,0x17,0x03,0x69,0x6C,0x6F,0x17,0x17,0x17,0x17,0x7E,0x81,0x17,
    0x00,0x00,0x17,0x90,0x93,0x96,0x99,0x17,0x17,0x66,0x69,0x6C,0x6F,0x72,0x75,0x78,
    0x17,0x7E,0x81,0x17,0x00,0x00,0x17,0x90,0x93,0x96,0x99,0x17,0x17,0x66,0x69,0x6C,
    0x6F,0x72,0x75,0x78,0x17,0x7E,0x81,0x17,0x00,0x00,0x17,0x90,0x93,0x96,0x99,0x17,
    0x17,0x66,0x69,0x6C,0x6F,0x17,0x75,0x78,0x17,0x7E,0x81,0x17,0x00,0x00,0x17,0x90,
    0x93,0x96,0x99,0x17,0x17,0x66,0x69,0x6C,0x6F,0x17,0x17,0x17,0x17,0x7E,0x81,0x17,
    0x17,0x17,0x17,0x90,0x93,0x96,0x99,0x17,0x17,0x66,0x69,0x6C,0x6F,0x72,0x75,0x78,
    0x7B,0x7E,0x81,0x84,0x87,0x8A,0x8D,0x90,0x93,0x96,0x99,0x17,0x17,0x17,0x17,0x17,
    0x17,0x17,0x17,0x17,0x17,0x17,0x17,0x17,0x17,0x17,0x17,0x17,0x17,0x17,0x17,0x17,
    0x17,0x17,0x17,0x17,0x17,0x17,0x17,0x17,0x17,0x17,0x17,0x17,0x17,0x17,0x17,0x17,
    0x17,0x17,0x17,0x17,0x17,0x00,0x00,0x00,0x00,0x00,0x00,0x69,0x00,0x69,0x00,0x69,
    0x00,0x00,0x00,0x00,0x00,0x00,0x00,0x17,0x17,0x00,0x00,0x6F,0x00,0x00,0x17,0x66,
    0x69,0x66,0x69,0x66,0x17,0x00,0x00,0x6F,0x00,0x00,0x84,0x17,0x17,0x00,0x6F,0x6F,
    0x6F,0x00,0x00,0x17,0x66,0x69,0x66,0x17,0x00,0x00,0x6F,0x6F,0x6F,0x00,0x17,0x17,
    0x17,0x00,0x00,0x6F,0x00,0x00,0x17,0x17,0x17,0x17,0x17,0x17,0x17,0x00,0x00,0x6F,
    0x00,0x00,0x00,0x17,0x17,0x00,0x00,0x00,0x00,0x17,0x17,0x00,0x17,0x17,0x17,0x00,
    0x17,0x17,0x00,0x00,0x00,0x00,0x84,0x17,0x17,0x00,0x00,0x00,0x17,0x17,0x17,0x17,
    0x17,0x17,0x17,0x17,0x17,0x17,0x17,0x00,0x00,0x00,0x17,0x17,0x17,0x00,0x75,0x00,
    0x17,0x00,0x17,0x17,0x17,0x17,0x17,0x17,0x17,0x00,0x17,0x00,0x75,0x00,0x00,0x17,
    0x17,0x00,0x00,0x00,0x17,0x00,0x17,0x03,0x00,0x00,0x00,0x00,0x17,0x00,0x17,0x00,
    0x00,0x00,0x84,0x17,0x17,0x00,0x00,0x00,0x00,0x00,0x00,0x17,0x17,0x00,0x17,0x17,
    0x00,0x00,0x00,0x00,0x00,0x00,0x17,0x17,0x17,0x6C,0x00,0x6C,0x00,0x6C,0x00,0x6C,
    0x00,0x6C,0x00,0x6C,0x00,0x6C,0x00,0x6C,0x00,0x6C,0x00,0x18,0x17,0x17,0x17,0x17,
    0x17,0x17,0x17,0x17,0x17,0x17,0x17,0x17,0x17,0x17,0x17,0x17,0x17,0x17,0x17,0x17
};

unsigned char TabHesel[255] = {
    0xFD,0xF5,0xF6,0xFF,0xF7,0xF1,0xE8,0xF5,0xF4,0xFF,0xF7,0xE3,0xFE,0xF6,0xF5,0xF6,
    0xFF,0xFE,0xFF,0xF4,0xE9,0xEE,0xE8,0xF5,0xEA,0xF6,0xF3,0xF6,0xF3,0xFF,0xE8,0xE3,
    0xF8,0xF1,0xFB,0xF1,0xF6,0xFB,0xEF,0xF4,0xF8,0xE8,0xFB,0xEF,0xF4,0xED,0xF2,0xF3,
    0xEE,0xFF,0xF7,0xF5,0xEF,0xE9,0xFF,0xFE,0xE8,0xFF,0xFB,0xF7,0xF3,0xFE,0xFF,0xFB,
    0xF6,0xF3,0xF6,0xEF,0xE0,0xFF,0xE9,0xFB,0xF3,0xF4,0xEE,0xF8,0xFF,0xF6,0xF6,0xE9,
    0xEE,0xE8,0xF5,0xF0,0xFB,0xFF,0xF7,0xF5,0xF9,0xFF,0xF8,0xFB,0xE9,0xEE,0xF6,0xF3,
    0xE9,0xF6,0xFB,0xF7,0xF0,0xFF,0xFB,0xF4,0xE9,0xF7,0xFF,0xEE,0xFB,0xF6,0xF7,0xF3,
    0xF1,0xE8,0xF5,0xE9,0xFF,0xF4,0xE0,0xFB,0xFD,0xFB,0xF6,0xFB,0xE2,0xE9,0xEE,0xF5,
    0xF4,0xFF,0xE9,0xF6,0xFB,0xEC,0xFF,0xFC,0xF5,0xE8,0xEE,0xFF,0xF6,0xEF,0xF9,0xF3,
    0xFF,0xF4,0xFB,0xEE,0xEF,0xE8,0xF8,0xF3,0xFF,0xF4,0xFF,0xF1,0xFB,0xEE,0xE0,0xFF,
    0xF2,0xE3,0xFE,0xE8,0xF5,0xFC,0xFB,0xEF,0xF4,0xFB,0xEF,0xF6,0xEE,0xE8,0xFB,0xEE,
    0xF5,0xFE,0xFB,0xE3,0xF2,0xF5,0xE8,0xF5,0xE8,0xFD,0xFB,0xEA,0xEA,0xFB,0xE8,0xFF,
    0xEE,0xFB,0xF6,0xF9,0xF6,0xF5,0xF9,0xF1,0xF2,0xF5,0xF7,0xFF,0xE8,0xF8,0xEF,0xF4,
    0xF4,0xE3,0xFC,0xF5,0xEE,0xF5,0xF4,0xEB,0xEF,0xFB,0xF9,0xF1,0xF2,0xFB,0xFC,0xF3,
    0xF1,0xFE,0xF3,0xE0,0xE0,0xE3,0xE9,0xEE,0xFB,0xE8,0xF1,0xE0,0xFB,0xE8,0xFB,0xE0,
    0xFE,0xEF,0xF1,0xFF,0xF4,0xE9,0xEE,0xF5,0xE8,0xE3,0xF5,0xF9,0xF5,0xF7,0xEA
};
unsigned char UvTxt[1261] = {
    0xC9,0xCD,0xCD,0xCD,0xCD,0xCD,0xCD,0xCD,0xCD,0xCD,0xCD,0xCD,0xCD,0xCD,0xCD,0xCD,
    0xCD,0x20,0x20,0x5A,0x61,0x6C,0x69,0x62,0x69,0x6C,0x61,0x20,0x73,0x65,0x20,0x76,
    0x61,0x6D,0x20,0x68,0x72,0x61,0x20,0x3F,0x20,0xCD,0xCD,0xCD,0xCD,0xCD,0xCD,0xCD,
    0xCD,0xCD,0xCD,0xCD,0xCD,0xCD,0xCD,0xCD,0xCD,0xBB,0x0D,0x0A,0xBA,0x20,0x50,0x6F,
    0x6B,0x75,0x64,0x20,0x61,0x6E,0x6F,0x2C,0x20,0x64,0x61,0x72,0x75,0x6A,0x74,0x65,
    0x20,0x6A,0x69,0x20,0x69,0x20,0x73,0x76,0x79,0x6D,0x20,0x7A,0x6E,0x61,0x6D,0x79,
    0x6D,0x2E,0x20,0x4D,0x75,0x7A,0x65,0x74,0x65,0x20,0x6A,0x69,0x20,0x69,0x20,0x76,
    0x6F,0x6C,0x6E,0x65,0x20,0xBA,0x0D,0x0A,0xBA,0x20,0x64,0x69,0x73,0x74,0x72,0x69,
    0x62,0x75,0x6F,0x76,0x61,0x74,0x20,0x73,0x65,0x20,0x73,0x76,0x79,0x6D,0x69,0x20,
    0x70,0x72,0x6F,0x67,0x72,0x61,0x6D,0x79,0x2C,0x20,0x6E,0x65,0x62,0x6F,0x74,0x20,
    0x6A,0x65,0x20,0x74,0x6F,0x20,0x46,0x52,0x45,0x45,0x57,0x41,0x52,0x45,0x20,0x21,
    0x20,0xBA,0x0D,0x0A,0xBA,0x20,0x46,0x69,0x72,0x6D,0x61,0x20,0x47,0x4F,0x4C,0x45,
    0x4D,0x20,0x62,0x75,0x64,0x65,0x20,0x70,0x6F,0x74,0x65,0x73,0x65,0x6E,0x61,0x2C,
    0x20,0x62,0x75,0x64,0x65,0x74,0x65,0x2D,0x6C,0x69,0x20,0x73,0x65,0x20,0x7A,0x61,
    0x6A,0x69,0x6D,0x61,0x74,0x20,0x6F,0x20,0x6A,0x65,0x6A,0x69,0x20,0xBA,0x0D,0x0A,
    0xBA,0x20,0x64,0x61,0x6C,0x73,0x69,0x20,0x70,0x72,0x6F,0x64,0x75,0x6B,0x74,0x79,
    0x2E,0x20,0x48,0x6C,0x61,0x76,0x6E,0x69,0x6D,0x69,0x20,0x6B,0x72,0x69,0x74,0x65,
    0x72,0x69,0x69,0x20,0x6E,0x61,0x73,0x69,0x63,0x68,0x20,0x70,0x72,0x6F,0x67,0x72,
    0x61,0x6D,0x75,0x20,0x6A,0x73,0x6F,0x75,0x20,0xBA,0x0D,0x0A,0xBA,0x20,0x6E,0x69,
    0x7A,0x6B,0x61,0x20,0x63,0x65,0x6E,0x61,0x2C,0x20,0x6D,0x69,0x6E,0x69,0x6D,0x61,
    0x6C,0x6E,0x69,0x20,0x6E,0x61,0x72,0x6F,0x6B,0x79,0x20,0x6E,0x61,0x20,0x70,0x61,
    0x6D,0x65,0x74,0x20,0x61,0x20,0x6D,0x69,0x73,0x74,0x6F,0x20,0x6E,0x61,0x20,0x64,
    0x69,0x73,0x6B,0x75,0x20,0xBA,0x0D,0x0A,0xBA,0x20,0x61,0x20,0x70,0x72,0x65,0x64,
    0x65,0x76,0x73,0x69,0x6D,0x20,0x6A,0x65,0x64,0x6E,0x6F,0x64,0x75,0x63,0x68,0x6F,
    0x73,0x74,0x20,0x6F,0x62,0x73,0x6C,0x75,0x68,0x79,0x2E,0x20,0x50,0x72,0x6F,0x74,
    0x6F,0x20,0x70,0x6F,0x75,0x7A,0x69,0x76,0x61,0x6D,0x65,0x20,0x6A,0x61,0x6B,0x6F,
    0x20,0xBA,0x0D,0x0A,0xBA,0x20,0x6E,0x61,0x73,0x20,0x68,0x6C,0x61,0x76,0x6E,0x69,
    0x20,0x70,0x72,0x6F,0x67,0x72,0x61,0x6D,0x6F,0x76,0x61,0x63,0x69,0x20,0x6A,0x61,
    0x7A,0x79,0x6B,0x20,0x61,0x73,0x73,0x65,0x6D,0x62,0x6C,0x65,0x72,0x2E,0x20,0x20,
    0x53,0x65,0x7A,0x6E,0x61,0x6D,0x69,0x74,0x65,0x2D,0x6C,0x69,0x20,0xBA,0x0D,0x0A,
    0xBA,0x20,0x73,0x65,0x20,0x73,0x20,0x6E,0x61,0x73,0x69,0x6D,0x69,0x20,0x70,0x72,
    0x6F,0x64,0x75,0x6B,0x74,0x79,0x20,0x28,0x6F,0x76,0x6C,0x61,0x64,0x61,0x63,0x65,
    0x20,0x6E,0x61,0x72,0x6F,0x64,0x6E,0x69,0x68,0x6F,0x20,0x70,0x72,0x6F,0x73,0x74,
    0x72,0x65,0x64,0x69,0x20,0x70,0x72,0x6F,0x20,0xBA,0x0D,0x0A,0xBA,0x20,0x64,0x69,
    0x73,0x70,0x6C,0x65,0x6A,0x2C,0x20,0x6B,0x6C,0x61,0x76,0x65,0x73,0x6E,0x69,0x63,
    0x69,0x2C,0x20,0x74,0x69,0x73,0x6B,0x61,0x72,0x6E,0x75,0x2C,0x20,0x20,0x6E,0x61,
    0x64,0x73,0x74,0x61,0x76,0x62,0x61,0x20,0x73,0x79,0x73,0x74,0x65,0x6D,0x75,0x20,
    0x74,0x79,0x70,0x75,0x20,0xBA,0x0D,0x0A,0xBA,0x20,0x4E,0x4F,0x52,0x54,0x4F,0x4E,
    0x20,0x43,0x4F,0x4D,0x4D,0x41,0x4E,0x44,0x45,0x52,0x2C,0x20,0x65,0x64,0x69,0x74,
    0x6F,0x72,0x79,0x2C,0x20,0x20,0x61,0x6E,0x74,0x69,0x76,0x69,0x72,0x6F,0x76,0x65,
    0x20,0x70,0x72,0x6F,0x67,0x72,0x61,0x6D,0x79,0x2C,0x20,0x20,0x68,0x72,0x79,0x2C,
    0x20,0xBA,0x0D,0x0A,0xBA,0x20,0x70,0x72,0x6F,0x67,0x72,0x61,0x6D,0x79,0x20,0x20,
    0x70,0x72,0x6F,0x20,0x20,0x70,0x72,0x65,0x6E,0x6F,0x73,0x20,0x20,0x70,0x6F,0x20,
    0x73,0x65,0x72,0x69,0x6F,0x76,0x65,0x20,0x63,0x69,0x20,0x70,0x61,0x72,0x61,0x6C,
    0x65,0x6C,0x6E,0x69,0x20,0x6C,0x69,0x6E,0x63,0x65,0x20,0x61,0x20,0xBA,0x0D,0x0A,
    0xBA,0x20,0x64,0x65,0x73,0x69,0x74,0x6B,0x79,0x20,0x64,0x61,0x6C,0x73,0x69,0x63,
    0x68,0x20,0x70,0x72,0x6F,0x67,0x72,0x61,0x6D,0x75,0x20,0x61,0x20,0x75,0x74,0x69,
    0x6C,0x69,0x74,0x29,0x20,0x20,0x6A,0x73,0x6D,0x65,0x20,0x20,0x70,0x72,0x65,0x73,
    0x76,0x65,0x64,0x63,0x65,0x6E,0x69,0x2C,0x20,0xBA,0x0D,0x0A,0xBA,0x20,0x7A,0x65,
    0x20,0x75,0x20,0x6E,0x61,0x73,0x69,0x63,0x68,0x20,0x20,0x70,0x72,0x6F,0x64,0x75,
    0x6B,0x74,0x75,0x20,0x20,0x6A,0x69,0x7A,0x20,0x20,0x7A,0x75,0x73,0x74,0x61,0x6E,
    0x65,0x74,0x65,0x2E,0x20,0x20,0x4D,0x75,0x7A,0x65,0x6D,0x65,0x20,0x76,0x61,0x73,
    0x20,0x74,0x65,0x7A,0x20,0xBA,0x0D,0x0A,0xBA,0x20,0x6B,0x6F,0x6D,0x70,0x6C,0x65,
    0x74,0x6E,0x65,0x20,0x76,0x79,0x62,0x61,0x76,0x69,0x74,0x20,0x20,0x76,0x65,0x73,
    0x6B,0x65,0x72,0x6F,0x75,0x20,0x70,0x6F,0x63,0x69,0x74,0x61,0x63,0x6F,0x76,0x6F,
    0x75,0x20,0x74,0x65,0x63,0x68,0x6E,0x69,0x6B,0x6F,0x75,0x20,0x61,0x20,0x74,0x6F,
    0x20,0xBA,0x0D,0x0A,0xBA,0x20,0x6A,0x69,0x7A,0x20,0x6F,0x64,0x20,0x6E,0x65,0x6A,
    0x6C,0x65,0x76,0x6E,0x65,0x6A,0x73,0x69,0x20,0x73,0x65,0x73,0x74,0x61,0x76,0x79,
    0x20,0x70,0x6F,0x63,0x69,0x74,0x61,0x63,0x65,0x20,0x70,0x72,0x69,0x70,0x6F,0x6A,
    0x69,0x74,0x65,0x6C,0x6E,0x65,0x20,0x70,0x6F,0x75,0x7A,0x65,0x20,0xBA,0x0D,0x0A,
    0xBA,0x20,0x6B,0x20,0x74,0x65,0x6C,0x65,0x76,0x69,0x7A,0x6F,0x72,0x75,0x20,0x61,
    0x20,0x70,0x6F,0x7A,0x64,0x65,0x6A,0x69,0x20,0x20,0x72,0x6F,0x7A,0x73,0x69,0x72,
    0x69,0x74,0x65,0x6C,0x6E,0x65,0x20,0x20,0x6E,0x61,0x20,0x70,0x6C,0x6E,0x6F,0x68,
    0x6F,0x64,0x6E,0x6F,0x74,0x6E,0x6F,0x75,0x20,0xBA,0x0D,0x0A,0xBA,0x20,0x76,0x65,
    0x72,0x7A,0x69,0x20,0x62,0x65,0x7A,0x20,0x66,0x69,0x6E,0x61,0x6E,0x63,0x6E,0x69,
    0x20,0x7A,0x74,0x72,0x61,0x74,0x79,0x2E,0x20,0x20,0x20,0x20,0x20,0x20,0x20,0x20,
    0x20,0x20,0x20,0x20,0x20,0x20,0x20,0x20,0x20,0x20,0x20,0x20,0x20,0x20,0x20,0x20,
    0x20,0x20,0x20,0x20,0x20,0xBA,0x0D,0x0A,0xBA,0x20,0x20,0x20,0x20,0x20,0x20,0x20,
    0x20,0x20,0x20,0x20,0x20,0x20,0x20,0x20,0x20,0x20,0x20,0x20,0x20,0x20,0x20,0x20,
    0x20,0x20,0x20,0x20,0x20,0x20,0x20,0x20,0x20,0x20,0x20,0x20,0x20,0x20,0x20,0x20,
    0x20,0x20,0x20,0x20,0x20,0x20,0x20,0x20,0x20,0x20,0x20,0x20,0x20,0x20,0x20,0x20,
    0x20,0xBA,0x0D,0x0A,0xBA,0x20,0x4E,0x61,0x73,0x65,0x20,0x61,0x64,0x72,0x65,0x73,
    0x61,0x3A,0x20,0x47,0x4F,0x4C,0x45,0x4D,0x2C,0x20,0x50,0x2E,0x4F,0x2E,0x42,0x6F,
    0x78,0x20,0x36,0x36,0x2C,0x20,0x37,0x35,0x36,0x20,0x36,0x31,0x20,0x52,0x6F,0x7A,
    0x6E,0x6F,0x76,0x20,0x70,0x2E,0x20,0x52,0x61,0x64,0x68,0x2E,0x20,0xBA,0x0D,0x0A,
    0xC8,0xCD,0xCD,0xCD,0xCD,0xCD,0xCD,0xCD,0xCD,0xCD,0xCD,0xCD,0xCD,0xCD,0xCD,0xCD,
    0xCD,0xCD,0xCD,0xCD,0xCD,0xCD,0xCD,0xCD,0xCD,0xCD,0xCD,0xCD,0xCD,0xCD,0xCD,0xCD,
    0xCD,0xCD,0xCD,0xCD,0xCD,0xCD,0xCD,0xCD,0xCD,0xCD,0xCD,0xCD,0xCD,0xCD,0xCD,0xCD,
    0xCD,0xCD,0xCD,0xCD,0xCD,0xCD,0xCD,0xCD,0xCD,0xBC,0x0D,0x0A,0x24
};
unsigned char CardTxt[61] = {
    0x4C,0x69,0x74,0x75,0x6A,0x69,0x2C,0x20,0x61,0x6C,0x65,0x20,0x70,0x72,0x6F,0x67,
    0x72,0x61,0x6D,0x20,0x76,0x79,0x7A,0x61,0x64,0x75,0x6A,0x65,0x20,0x67,0x72,0x61,
    0x66,0x69,0x6B,0x6F,0x75,0x20,0x6B,0x61,0x72,0x74,0x75,0x20,0x45,0x47,0x41,0x20,
    0x6E,0x65,0x62,0x6F,0x20,0x56,0x47,0x41,0x20,0x21,0x0D,0x0A,0x24
};
unsigned char StartCode[122] = {
    0xB4,0x12,0xBB,0x10,0x7A,0xCD,0x10,0x80,0xFF,0x01,0x77,0x05,0x80,0xFB,0x03,0x76,
    0x0B,0xBA,0xD7,0x08,0xB4,0x09,0x0E,0x1F,0xCD,0x21,0xCD,0x20,0xB8,0x0D,0x00,0xCD,
    0x10,0xE8,0x48,0x07,0xB0,0x00,0xE8,0xC5,0x05,0xC6,0x06,0x3C,0x10,0x01,0xE8,0xC9,
    0x03,0xE8,0xAC,0x03,0xC6,0x06,0x3D,0x10,0x00,0xBE,0x06,0x0E,0xE8,0xAD,0x04,0x72,
    0x38,0xE8,0x44,0x04,0xE8,0x10,0x04,0x80,0x3E,0x16,0x13,0x00,0x75,0x2B,0x81,0x3E,
    0x45,0x10,0x09,0x0B,0x75,0x02,0xEB,0xCC,0x8B,0x14,0x46,0x46,0xE8,0xD3,0x04,0xA0,
    0x45,0x10,0xD0,0xE0,0x2C,0x04,0x76,0x11,0x3C,0x20,0x77,0x0D,0x80,0x3E,0x3D,0x10,
    0x20,0x73,0x06,0xA2,0x3D,0x10,0xE8,0x32,0x06,0xB4
};
unsigned char Titulek[2048] = {
    0x00,0x00,0x00,0x00,0x00,0x00,0x00,0x00,0x00,0x00,0x00,0x00,0xC6,0x00,0x00,0x00,
    0x00,0x00,0x00,0x00,0x00,0x00,0x00,0x00,0x00,0x00,0x00,0x00,0x00,0x00,0x00,0x00,
    0x00,0x00,0x00,0x00,0x00,0x00,0x00,0x00,0x00,0x00,0x00,0x00,0xC6,0x00,0x00,0x00,
    0x00,0x00,0x00,0x00,0x00,0x00,0x00,0x00,0x00,0x00,0x00,0x00,0x00,0x00,0x00,0x00,
    0x00,0x00,0x00,0x00,0x00,0x00,0x00,0x00,0x00,0x00,0x00,0x00,0xC6,0x00,0x00,0x00,
    0x00,0x00,0x00,0x00,0x00,0x00,0x00,0x00,0x00,0x00,0x00,0x00,0x00,0x00,0x00,0x00,
    0x00,0x00,0x00,0x00,0x00,0x00,0x00,0x00,0x00,0x00,0x00,0x00,0xC6,0x00,0x00,0x00,
    0x00,0x00,0x00,0x04,0x70,0x00,0x00,0x01,0xF0,0x00,0x00,0x00,0x00,0x00,0x00,0x00,
    0x00,0x00,0x00,0x00,0x00,0x00,0x00,0x41,0x08,0x00,0x00,0x00,0xEE,0x00,0x00,0x00,
    0x02,0x5D,0xDD,0xCC,0x50,0x00,0x00,0x03,0x3C,0x00,0x00,0x00,0x00,0x00,0x00,0x18,
    0x00,0x00,0x00,0x00,0x00,0x00,0x00,0x81,0x10,0x00,0x00,0x00,0x7C,0x00,0x00,0x00,
    0x02,0x59,0x45,0x84,0x50,0x00,0x00,0x02,0x26,0x00,0x00,0x00,0x00,0x00,0x00,0x18,
    0x00,0x00,0x00,0x00,0x00,0x00,0x00,0x01,0x00,0x00,0x00,0x00,0x7C,0x00,0x00,0x00,
    0x03,0xD1,0x99,0x04,0x50,0x00,0x00,0x02,0x20,0x00,0x00,0x00,0x00,0x00,0x00,0x18,
    0x00,0x00,0x00,0x00,0x00,0x04,0xA5,0x87,0x20,0x00,0x00,0x00,0x38,0x00,0x00,0x00,
    0x01,0x9D,0x5D,0xC5,0x70,0x00,0x00,0x02,0x60,0x00,0x00,0x00,0x00,0x00,0x00,0x30,
    0x00,0x00,0x00,0x00,0x00,0x04,0xA4,0x49,0x22,0x00,0x00,0x00,0x00,0x00,0x00,0x00,
    0x00,0x00,0x00,0x00,0x00,0x00,0x00,0x00,0xF1,0x42,0x10,0xD7,0xE2,0x88,0x20,0x30,
    0x00,0x00,0x00,0x00,0x00,0x04,0xA5,0xC9,0x20,0x00,0x00,0x00,0x00,0x00,0x00,0x00,
    0x00,0x00,0x00,0x00,0x00,0x00,0x00,0x00,0x41,0xC5,0x29,0x55,0x23,0x94,0x20,0x20,
    0x00,0x00,0x00,0x00,0x00,0x06,0x9A,0x4D,0x20,0x00,0x00,0x00,0x00,0x00,0x00,0x00,
    0x00,0x00,0x00,0x00,0x00,0x00,0x00,0x00,0x41,0x45,0x29,0x55,0x22,0x94,0x40,0x20,
    0x00,0x00,0x00,0x00,0x00,0x03,0x99,0xA6,0xA2,0x00,0x00,0x00,0x00,0x00,0x00,0x00,
    0x00,0x00,0x00,0x00,0x00,0x00,0x00,0x04,0xC2,0x46,0x31,0x55,0x24,0x98,0x80,0x00,
    0x00,0x00,0x00,0x00,0x00,0x00,0x00,0x00,0x00,0x00,0x00,0x00,0x00,0x00,0x00,0x00,
    0x00,0x00,0x00,0x00,0x00,0x00,0x00,0x03,0xBC,0x3B,0xDE,0x78,0xD8,0x6F,0x00,0x40,
    0x00,0x00,0x00,0x00,0x00,0x00,0x00,0x00,0x00,0x00,0x00,0x00,0x00,0x00,0x00,0x00,
    0x00,0x00,0x00,0x00,0x00,0x00,0x00,0x00,0x00,0x00,0x00,0x00,0x00,0x00,0x00,0x00,
    0x00,0x00,0x00,0x00,0x00,0x00,0x00,0x00,0x00,0x00,0x00,0x00,0x00,0x00,0x00,0x00,
    0x00,0x00,0x00,0x00,0x00,0x00,0x00,0x00,0x00,0x00,0x00,0x00,0x00,0x00,0x00,0x00,
    0x00,0x00,0x00,0x00,0x00,0x00,0x00,0x00,0x00,0x00,0x00,0x00,0x00,0x00,0x00,0x00,
    0x00,0x00,0x00,0x00,0x00,0x00,0x00,0x00,0x00,0x00,0x00,0x00,0x00,0x00,0x00,0x00,
    0x38,0x1C,0x30,0x7C,0xC6,0x00,0x00,0x00,0x00,0x00,0x00,0x00,0xC6,0x00,0x08,0x31,
    0x80,0x00,0x00,0x00,0x00,0x00,0x00,0x00,0x00,0x00,0x00,0x00,0x00,0x00,0x00,0x00,
    0x7C,0x3E,0x30,0x7C,0xEE,0x00,0x00,0x00,0x00,0x00,0x00,0x00,0xC6,0x00,0x1C,0x33,
    0x80,0x00,0x00,0x00,0x00,0x00,0x00,0x00,0x00,0x00,0x00,0x00,0x00,0x00,0x00,0x00,
    0xEE,0x77,0x30,0x60,0xFE,0x00,0x00,0x00,0x00,0x00,0x00,0x00,0xC6,0x00,0x3E,0x37,
    0x00,0x00,0x00,0x00,0x00,0x00,0x00,0x00,0x00,0x00,0x00,0x00,0x00,0x00,0x00,0x00,
    0xC0,0x63,0x30,0x78,0xFE,0x00,0x00,0x00,0x00,0x00,0x00,0x00,0xC6,0x00,0x77,0x3E,
    0x00,0x00,0x00,0x04,0x70,0x00,0x00,0x01,0xF0,0x00,0x00,0x00,0x00,0x00,0x00,0x00,
    0xC0,0x63,0x30,0x78,0xD6,0x00,0x00,0x00,0x00,0x00,0x00,0x00,0xEE,0x00,0x63,0x3C,
    0x00,0x00,0x00,0x0C,0x50,0x00,0x00,0x03,0x3C,0x00,0x00,0x00,0x00,0x00,0x00,0x18,
    0xEE,0x77,0x30,0x60,0xC6,0x00,0x00,0x00,0x00,0x00,0x00,0x00,0x7C,0x00,0x7F,0x3E,
    0x00,0x00,0x00,0x04,0x50,0x00,0x00,0x02,0x26,0x00,0x00,0x00,0x00,0x00,0x00,0x18,
    0x7E,0x3E,0x3E,0x7C,0xC6,0x00,0x00,0x00,0x00,0x00,0x00,0x00,0x7C,0x00,0x7F,0x37,
    0x00,0x00,0x00,0x04,0x50,0x00,0x00,0x02,0x20,0x00,0x00,0x00,0x00,0x00,0x00,0x18,
    0x3A,0x1C,0x3E,0x7C,0xC6,0x00,0x00,0x00,0x00,0x00,0x00,0x00,0x38,0x00,0x63,0x33,
    0x80,0x00,0x00,0x05,0x70,0x00,0x00,0x02,0x60,0x00,0x00,0x00,0x00,0x00,0x00,0x30,
    0x00,0x00,0x00,0x00,0x00,0x00,0x00,0x00,0x00,0x00,0x00,0x00,0x00,0x00,0x00,0x00,
    0x00,0x00,0x00,0x00,0x00,0x00,0x00,0x00,0xF1,0x42,0x10,0xD7,0xE2,0x88,0x20,0x30,
    0x00,0x00,0x00,0x00,0x00,0x00,0x00,0x00,0x00,0x00,0x00,0x00,0x00,0x00,0x00,0x00,
    0x00,0x00,0x00,0x00,0x00,0x00,0x00,0x00,0x41,0xC5,0x29,0x55,0x23,0x94,0x20,0x20,
    0x00,0x00,0x00,0x00,0x00,0x00,0x00,0x00,0x00,0x00,0x00,0x00,0x00,0x00,0x00,0x00,
    0x00,0x00,0x00,0x00,0x00,0x00,0x00,0x00,0x41,0x45,0x29,0x55,0x22,0x94,0x40,0x20,
    0x00,0x00,0x00,0x00,0x00,0x00,0x00,0x00,0x00,0x00,0x00,0x00,0x00,0x00,0x00,0x00,
    0x00,0x00,0x00,0x00,0x00,0x00,0x00,0x04,0xC2,0x46,0x31,0x55,0x24,0x98,0x80,0x00,
    0x00,0x00,0x00,0x00,0x00,0x00,0x00,0x00,0x00,0x00,0x00,0x00,0x00,0x00,0x00,0x00,
    0x00,0x00,0x00,0x00,0x00,0x00,0x00,0x03,0xBC,0x3B,0xDE,0x78,0xD8,0x6F,0x00,0x40,
    0x00,0x00,0x00,0x00,0x00,0x00,0x00,0x00,0x00,0x00,0x00,0x00,0x00,0x00,0x00,0x00,
    0x00,0x00,0x00,0x00,0x00,0x00,0x00,0x00,0x00,0x00,0x00,0x00,0x00,0x00,0x00,0x00,
    0x00,0x00,0x00,0x00,0x00,0x00,0x00,0x00,0x00,0x00,0x00,0x00,0x00,0x00,0x00,0x00,
    0x00,0x00,0x00,0x00,0x00,0x00,0x00,0x00,0x00,0x00,0x00,0x00,0x00,0x00,0x00,0x00,
    0x00,0x00,0x00,0x00,0x00,0x00,0x00,0x00,0x00,0x00,0x00,0x00,0x00,0x00,0x00,0x00,
    0x00,0x00,0x00,0x00,0x00,0x00,0x00,0x00,0x00,0x00,0x00,0x00,0x00,0x00,0x00,0x00,
    0x38,0x1C,0x30,0x7C,0xC6,0x00,0x00,0x00,0x00,0x00,0x00,0x00,0x00,0x60,0x00,0x31,
    0x80,0x00,0x00,0x00,0x00,0x00,0x00,0x00,0x00,0x00,0x00,0x00,0x00,0x00,0x00,0x00,
    0x7C,0x3E,0x30,0x7C,0xEE,0x00,0x00,0x00,0x00,0x00,0x00,0x00,0x00,0x60,0x00,0x33,
    0x80,0x00,0x00,0x00,0x00,0x00,0x00,0x00,0x00,0x00,0x00,0x00,0x00,0x00,0x00,0x00,
    0xEE,0x77,0x30,0x60,0xFE,0x00,0x00,0x00,0x00,0x00,0x00,0x00,0x00,0x60,0x00,0x37,
    0x00,0x00,0x00,0x00,0x00,0x00,0x00,0x00,0x00,0x00,0x00,0x00,0x00,0x00,0x00,0x00,
    0xC0,0x63,0x30,0x78,0xFE,0x00,0x00,0x00,0x00,0x00,0x00,0x00,0x00,0x60,0x00,0x3E,
    0x00,0x00,0x00,0x04,0x70,0x00,0x00,0x00,0x00,0x00,0x00,0x00,0x00,0x00,0x00,0x00,
    0xC0,0x63,0x30,0x78,0xD6,0x00,0x00,0x41,0x08,0x00,0x00,0x00,0x00,0x60,0x00,0x3C,
    0x02,0x5D,0xDD,0xCC,0x50,0x00,0x00,0x00,0x00,0x00,0x00,0x00,0x00,0x00,0x00,0x00,
    0xEE,0x77,0x30,0x60,0xC6,0x00,0x00,0x81,0x10,0x00,0x00,0x00,0x00,0x60,0x00,0x3E,
    0x02,0x59,0x45,0x84,0x50,0x00,0x00,0x00,0x00,0x00,0x00,0x00,0x00,0x00,0x00,0x00,
    0x7E,0x3E,0x3E,0x7C,0xC6,0x00,0x00,0x01,0x00,0x00,0x00,0x00,0x00,0x7C,0x00,0x37,
    0x03,0xD1,0x99,0x04,0x50,0x00,0x00,0x00,0x00,0x00,0x00,0x00,0x00,0x00,0x00,0x00,
    0x3A,0x1C,0x3E,0x7C,0xC6,0x04,0xA5,0x87,0x20,0x00,0x00,0x00,0x00,0x3E,0x00,0x33,
    0x81,0x9D,0x5D,0xC5,0x70,0x00,0x00,0x00,0x00,0x00,0x00,0x00,0x00,0x00,0x00,0x00,
    0x00,0x00,0x00,0x00,0x00,0x04,0xA4,0x49,0x22,0x00,0x00,0x00,0x00,0x00,0x00,0x00,
    0x00,0x00,0x00,0x00,0x00,0x00,0x00,0x00,0x00,0x00,0x00,0x00,0x00,0x00,0x00,0x00,
    0x00,0x28,0x00,0x00,0x00,0x04,0xA5,0xC9,0x20,0x00,0x00,0x00,0x00,0x00,0x00,0x00,
    0x00,0x00,0x00,0x04,0x02,0xEE,0xE0,0x00,0x00,0x00,0x00,0x00,0x00,0x00,0x00,0x00,
    0x00,0x10,0x00,0x00,0x00,0x06,0x9A,0x4D,0x20,0x00,0x08,0x42,0x28,0x00,0x20,0x00,
    0x4A,0x80,0x05,0x04,0x06,0xAA,0xA0,0x00,0x00,0x00,0x00,0x00,0x00,0x00,0x00,0x00,
    0x3B,0xBA,0xBA,0x8E,0x38,0x03,0x99,0xA6,0xA2,0x00,0x13,0x23,0x60,0x00,0x20,0x00,
    0x49,0x00,0x02,0x04,0x02,0xAA,0x20,0x00,0x00,0x00,0x00,0x00,0x00,0x00,0x00,0x00,
    0x2A,0x8B,0xAA,0x8A,0x28,0x00,0x00,0x00,0x00,0x00,0x14,0xA2,0xAA,0xB9,0xAC,0x50,
    0x6B,0xBC,0xE6,0x75,0x02,0xEE,0x60,0x00,0x00,0x00,0x00,0x00,0x00,0x00,0x00,0x00,
    0x3A,0x93,0xAA,0x8E,0x38,0x00,0x00,0x00,0x00,0x00,0x14,0x22,0x2B,0x2A,0x22,0x50,
    0x5B,0xAA,0xE9,0x76,0x02,0x22,0x20,0x00,0x00,0x00,0x00,0x00,0x00,0x00,0x00,0x00,
    0x32,0xA3,0xAA,0x88,0x30,0x00,0x00,0x00,0x00,0x00,0x13,0x22,0x2A,0x29,0xAE,0x70,
    0x4A,0x2A,0x88,0x45,0x02,0x22,0xA0,0x00,0x00,0x00,0x00,0x00,0x00,0x00,0x00,0x00,
    0x2B,0xBA,0xB9,0x09,0x2A,0x00,0x00,0x00,0x00,0x00,0x08,0x42,0x2A,0x3B,0xAF,0x20,
    0x4B,0xAA,0xE7,0x75,0x02,0xEE,0xE0,0x00,0x00,0x00,0x00,0x00,0x00,0x00,0x00,0x00,
    0x38,0x1C,0x30,0x7C,0xC6,0x00,0x00,0x00,0x00,0x00,0x00,0x00,0xC6,0x60,0x08,0x31,
    0x80,0x00,0x00,0x00,0x00,0x00,0x00,0x00,0x00,0x00,0x00,0x00,0x00,0x00,0x00,0x00,
    0x7C,0x3E,0x30,0x7C,0xEE,0x00,0x00,0x00,0x00,0x00,0x00,0x00,0xC6,0x60,0x1C,0x33,
    0x80,0x00,0x00,0x00,0x00,0x00,0x00,0x00,0x00,0x00,0x00,0x00,0x00,0x00,0x00,0x00,
    0xEE,0x77,0x30,0x60,0xFE,0x00,0x00,0x00,0x00,0x00,0x00,0x00,0xC6,0x60,0x3E,0x37,
    0x00,0x00,0x00,0x00,0x00,0x00,0x00,0x00,0x00,0x00,0x00,0x00,0x00,0x00,0x00,0x00,
    0xC0,0x63,0x30,0x78,0xFE,0x00,0x00,0x00,0x00,0x00,0x00,0x00,0xC6,0x60,0x77,0x3E,
    0x00,0x00,0x00,0x04,0x70,0x00,0x00,0x01,0xF0,0x00,0x00,0x00,0x00,0x00,0x00,0x00,
    0xC0,0x63,0x30,0x78,0xD6,0x00,0x00,0x41,0x08,0x00,0x00,0x00,0xEE,0x60,0x63,0x3C,
    0x02,0x5D,0xDD,0xCC,0x50,0x00,0x00,0x03,0x3C,0x00,0x00,0x00,0x00,0x00,0x00,0x18,
    0xEE,0x77,0x30,0x60,0xC6,0x00,0x00,0x81,0x10,0x00,0x00,0x00,0x7C,0x60,0x7F,0x3E,
    0x02,0x59,0x45,0x84,0x50,0x00,0x00,0x02,0x26,0x00,0x00,0x00,0x00,0x00,0x00,0x18,
    0x7E,0x3E,0x3E,0x7C,0xC6,0x00,0x00,0x01,0x00,0x00,0x00,0x00,0x7C,0x7C,0x7F,0x37,
    0x03,0xD1,0x99,0x04,0x50,0x00,0x00,0x02,0x20,0x00,0x00,0x00,0x00,0x00,0x00,0x18,
    0x3A,0x1C,0x3E,0x7C,0xC6,0x04,0xA5,0x87,0x20,0x00,0x00,0x00,0x38,0x3E,0x63,0x33,
    0x81,0x9D,0x5D,0xC5,0x70,0x00,0x00,0x02,0x60,0x00,0x00,0x00,0x00,0x00,0x00,0x30,
    0x00,0x00,0x00,0x00,0x00,0x04,0xA4,0x49,0x22,0x00,0x00,0x00,0x00,0x00,0x00,0x00,
    0x00,0x00,0x00,0x00,0x00,0x00,0x00,0x00,0xF1,0x42,0x10,0xD7,0xE2,0x88,0x20,0x30,
    0x00,0x28,0x00,0x00,0x00,0x04,0xA5,0xC9,0x20,0x00,0x00,0x00,0x00,0x00,0x00,0x00,
    0x00,0x00,0x00,0x04,0x02,0xEE,0xE0,0x00,0x41,0xC5,0x29,0x55,0x23,0x94,0x20,0x20,
    0x00,0x10,0x00,0x00,0x00,0x06,0x9A,0x4D,0x20,0x00,0x08,0x42,0x28,0x00,0x20,0x00,
    0x4A,0x80,0x05,0x04,0x06,0xAA,0xA0,0x00,0x41,0x45,0x29,0x55,0x22,0x94,0x40,0x20,
    0x3B,0xBA,0xBA,0x8E,0x38,0x03,0x99,0xA6,0xA2,0x00,0x13,0x23,0x60,0x00,0x20,0x00,
    0x49,0x00,0x02,0x04,0x02,0xAA,0x20,0x04,0xC2,0x46,0x31,0x55,0x24,0x98,0x80,0x00,
    0x2A,0x8B,0xAA,0x8A,0x28,0x00,0x00,0x00,0x00,0x00,0x14,0xA2,0xAA,0xB9,0xAC,0x50,
    0x6B,0xBC,0xE6,0x75,0x02,0xEE,0x60,0x03,0xBC,0x3B,0xDE,0x78,0xD8,0x6F,0x00,0x40,
    0x3A,0x93,0xAA,0x8E,0x38,0x00,0x00,0x00,0x00,0x00,0x14,0x22,0x2B,0x2A,0x22,0x50,
    0x5B,0xAA,0xE9,0x76,0x02,0x22,0x20,0x00,0x00,0x00,0x00,0x00,0x00,0x00,0x00,0x00,
    0x32,0xA3,0xAA,0x88,0x30,0x00,0x00,0x00,0x00,0x00,0x13,0x22,0x2A,0x29,0xAE,0x70,
    0x4A,0x2A,0x88,0x45,0x02,0x22,0xA0,0x00,0x00,0x00,0x00,0x00,0x00,0x00,0x00,0x00,
    0x2B,0xBA,0xB9,0x09,0x2A,0x00,0x00,0x00,0x00,0x00,0x08,0x42,0x2A,0x3B,0xAF,0x20,
    0x4B,0xAA,0xE7,0x75,0x02,0xEE,0xE0,0x00,0x00,0x00,0x00,0x00,0x00,0x00,0x00,0x00
};
unsigned char Obrazky[19968] = {
    0x00,0x00,0x00,0x00,0x00,0x00,0x00,0x00,0x00,0x00,0x00,0x00,0x00,0x00,0x00,0x00,
    0x00,0x00,0x00,0x00,0x00,0x00,0x00,0x00,0x00,0x00,0x00,0x00,0x00,0x00,0x00,0x00,
    0x00,0x00,0x00,0x00,0x00,0x00,0x00,0x00,0x00,0x00,0x00,0x00,0x00,0x00,0x00,0x00,
    0x00,0x00,0x00,0x00,0x00,0x00,0x00,0x00,0x00,0x00,0x00,0x00,0x00,0x00,0x00,0x00,
    0x00,0x00,0x00,0x00,0x00,0x00,0x00,0x00,0x00,0x00,0x00,0x00,0x00,0x00,0x00,0x00,
    0x00,0x00,0x00,0x00,0x00,0x00,0x00,0x00,0x00,0x00,0x00,0x00,0x00,0x00,0x00,0x00,
    0x00,0x00,0x00,0x00,0x00,0x00,0x00,0x00,0x00,0x00,0x00,0x00,0x00,0x00,0x00,0x00,
    0x00,0x00,0x00,0x00,0x00,0x00,0x00,0x00,0x00,0x00,0x00,0x00,0x00,0x00,0x00,0x00,
    0x00,0x00,0x04,0x00,0x08,0x7E,0x0C,0x42,0x1E,0x42,0x1E,0x42,0x3F,0xFE,0x7F,0xFE,
    0x7F,0xFE,0x7F,0xFE,0x7F,0xFE,0x3F,0xFF,0x00,0x00,0x00,0x00,0x00,0x00,0x00,0x00,
    0x00,0x00,0x04,0x00,0x08,0x00,0x00,0x00,0x00,0x00,0x00,0x00,0x00,0x00,0x00,0x00,
    0x00,0x00,0x00,0x00,0x00,0x00,0x00,0x01,0x00,0x00,0x1F,0xFC,0x00,0x00,0x00,0x00,
    0x00,0x00,0x04,0xFF,0x08,0x00,0x00,0x00,0x00,0x00,0x00,0x00,0x00,0x00,0x00,0x00,
    0x00,0x00,0x00,0x00,0x00,0x00,0x00,0x01,0x31,0x8C,0x7F,0xFE,0x7B,0xDE,0x31,0x8C,
    0x00,0x00,0x00,0xFF,0x00,0x7E,0x08,0x42,0x1C,0x42,0x1C,0x42,0x3F,0xFE,0x7F,0xFE,
    0x7F,0xFE,0x3F,0xFE,0x00,0x00,0x00,0x00,0x31,0x8C,0x7F,0xFE,0x7B,0xDE,0x31,0x8C,
    0x00,0x00,0x03,0xC0,0x07,0xE0,0x07,0xF8,0x07,0xFE,0x07,0xFD,0x07,0xF8,0x07,0xE0,
    0x07,0xE0,0x07,0xFE,0x07,0xE2,0x07,0xE2,0x07,0xE2,0x07,0xE2,0x07,0xFE,0x04,0x00,
    0x00,0x00,0x00,0x00,0x00,0x00,0x10,0x00,0x10,0x02,0x10,0x01,0x10,0x00,0x10,0x00,
    0x10,0x00,0x10,0x00,0x10,0x00,0x10,0x00,0x10,0x00,0x10,0x00,0x00,0x00,0x04,0x00,
    0x00,0x00,0x30,0x00,0x78,0x00,0x78,0x00,0x30,0x02,0x10,0x01,0x30,0x00,0x78,0x00,
    0x78,0x01,0x30,0x01,0x10,0x01,0x30,0x01,0x78,0x01,0x78,0x01,0x30,0x01,0x04,0x01,
    0x00,0x00,0x30,0xC0,0x79,0xE0,0x79,0xF8,0x31,0xFC,0x11,0xF8,0x31,0xE0,0x79,0xE0,
    0x79,0xE1,0x31,0xFF,0x11,0xE3,0x31,0xE3,0x79,0xE3,0x79,0xE3,0x31,0xFF,0x00,0x01,
    0x00,0x00,0x00,0x10,0x3F,0x08,0x21,0x18,0x21,0x3C,0x21,0x3C,0x3F,0xFE,0x3F,0xFF,
    0x3F,0xFF,0x3F,0xFF,0x3F,0xFF,0xFF,0xFE,0x00,0x00,0x00,0x00,0x00,0x00,0x00,0x00,
    0x00,0x00,0x00,0x10,0x00,0x08,0x00,0x00,0x00,0x00,0x00,0x00,0x00,0x00,0x00,0x00,
    0x00,0x00,0x00,0x00,0x00,0x00,0xC0,0x00,0x00,0x00,0x1F,0xFC,0x00,0x00,0x00,0x00,
    0x00,0x00,0x7F,0x90,0x00,0x08,0x00,0x00,0x00,0x00,0x00,0x00,0x00,0x00,0x00,0x00,
    0x00,0x00,0x00,0x00,0x00,0x00,0xC0,0x00,0x18,0xC6,0x3F,0xFF,0x3D,0xEF,0x18,0xC6,
    0x00,0x00,0x7F,0x80,0x3F,0x00,0x21,0x08,0x21,0x1C,0x21,0x1C,0x3F,0xFE,0x3F,0xFF,
    0x3F,0xFF,0x3F,0xFE,0x00,0x00,0x00,0x00,0x18,0xC6,0x3F,0xFF,0x3D,0xEF,0x18,0xC6,
    0x00,0x10,0x00,0x10,0x3F,0xF0,0x23,0xF0,0x23,0xF0,0x23,0xF0,0x23,0xF0,0x3F,0xF0,
    0x03,0xF0,0x03,0xF0,0x0F,0xF0,0x5F,0xF0,0x3F,0xF0,0x0F,0xF0,0x03,0xF0,0x01,0xE0,
    0x00,0x10,0x00,0x10,0x00,0x00,0x00,0x04,0x00,0x04,0x00,0x04,0x00,0x04,0x00,0x04,
    0x00,0x04,0x00,0x04,0x00,0x04,0x40,0x04,0x20,0x04,0x00,0x04,0x00,0x00,0x00,0x00,
    0x00,0x10,0x40,0x10,0x40,0x06,0x40,0x0F,0x40,0x0F,0x40,0x06,0x40,0x04,0x40,0x06,
    0x40,0x0F,0x00,0x0F,0x00,0x06,0x40,0x04,0x20,0x06,0x00,0x0F,0x00,0x0F,0x00,0x06,
    0x00,0x00,0x40,0x00,0x7F,0xC6,0x63,0xCF,0x63,0xCF,0x63,0xC6,0x63,0xC4,0x7F,0xC6,
    0x43,0xCF,0x03,0xCF,0x03,0xC6,0x0F,0xC4,0x1F,0xC6,0x0F,0xCF,0x03,0xCF,0x01,0x86,
    0x00,0x00,0x02,0x00,0x00,0x7E,0x0C,0x42,0x1E,0x42,0x1E,0x42,0x3F,0xFE,0x7F,0xFE,
    0x7F,0xFE,0x7F,0xFE,0x7F,0xFE,0x3F,0xFF,0x00,0x00,0x00,0x00,0x00,0x00,0x00,0x00,
    0x00,0x00,0x02,0x00,0x00,0x00,0x00,0x00,0x00,0x00,0x00,0x00,0x00,0x00,0x00,0x00,
    0x00,0x00,0x00,0x00,0x00,0x00,0x00,0x01,0x00,0x00,0x7F,0xF0,0x00,0x00,0x00,0x00,
    0x00,0x00,0x02,0xFF,0x00,0x00,0x00,0x00,0x00,0x00,0x00,0x00,0x00,0x00,0x00,0x00,
    0x00,0x00,0x00,0x00,0x00,0x00,0x00,0x01,0x31,0x8C,0x7F,0xFE,0x7B,0xDE,0x31,0x8C,
    0x00,0x00,0x00,0xFF,0x00,0x7E,0x08,0x42,0x1C,0x42,0x1C,0x42,0x3F,0xFE,0x7F,0xFE,
    0x7F,0xFE,0x3F,0xFE,0x00,0x00,0x00,0x00,0x31,0x8C,0x7F,0xFE,0x7B,0xDE,0x31,0x8C,
    0x00,0x00,0x03,0xC0,0x07,0xE0,0x07,0xF8,0x07,0xFC,0x07,0xFC,0x07,0xF9,0x07,0xE0,
    0x07,0xE0,0x07,0xFE,0x07,0xE2,0x07,0xE2,0x07,0xE2,0x07,0xE2,0x07,0xFE,0x04,0x00,
    0x00,0x00,0x10,0x00,0x10,0x00,0x10,0x00,0x10,0x00,0x10,0x00,0x10,0x01,0x10,0x00,
    0x10,0x00,0x10,0x00,0x10,0x00,0x10,0x00,0x00,0x00,0x00,0x00,0x00,0x00,0x04,0x00,
    0x00,0x00,0x30,0x00,0x78,0x00,0x78,0x00,0x30,0x00,0x10,0x00,0x30,0x01,0x78,0x00,
    0x78,0x01,0x30,0x01,0x10,0x01,0x30,0x01,0x78,0x01,0x78,0x01,0x30,0x01,0x04,0x01,
    0x00,0x00,0x30,0xC0,0x79,0xE0,0x79,0xF8,0x31,0xFC,0x11,0xF8,0x31,0xE0,0x79,0xE0,
    0x79,0xE1,0x31,0xFF,0x11,0xE3,0x31,0xE3,0x79,0xE3,0x79,0xE3,0x31,0xFF,0x00,0x01,
    0x00,0x00,0x00,0x20,0x3F,0x00,0x21,0x18,0x21,0x3C,0x21,0x3C,0x3F,0xFE,0x3F,0xFF,
    0x3F,0xFF,0x3F,0xFF,0x3F,0xFF,0xFF,0xFE,0x00,0x00,0x00,0x00,0x00,0x00,0x00,0x00,
    0x00,0x00,0x00,0x20,0x00,0x00,0x00,0x00,0x00,0x00,0x00,0x00,0x00,0x00,0x00,0x00,
    0x00,0x00,0x00,0x00,0x00,0x00,0xC0,0x00,0x00,0x00,0x07,0xFF,0x00,0x00,0x00,0x00,
    0x00,0x00,0x7F,0xA0,0x00,0x00,0x00,0x00,0x00,0x00,0x00,0x00,0x00,0x00,0x00,0x00,
    0x00,0x00,0x00,0x00,0x00,0x00,0xC0,0x00,0x18,0xC6,0x3F,0xFF,0x3D,0xEF,0x18,0xC6,
    0x00,0x00,0x7F,0x80,0x3F,0x00,0x21,0x08,0x21,0x1C,0x21,0x1C,0x3F,0xFE,0x3F,0xFF,
    0x3F,0xFF,0x3F,0xFE,0x00,0x00,0x00,0x00,0x18,0xC6,0x3F,0xFF,0x3D,0xEF,0x18,0xC6,
    0x00,0x10,0x00,0x10,0x3F,0xF0,0x23,0xF0,0x23,0xF0,0x23,0xF0,0x23,0xF0,0x3F,0xF0,
    0x03,0xF0,0x03,0xF0,0x4F,0xF0,0x1F,0xF0,0x1F,0xF0,0x0F,0xF0,0x03,0xF0,0x01,0xE0,
    0x00,0x10,0x00,0x10,0x00,0x00,0x00,0x00,0x00,0x04,0x00,0x04,0x00,0x04,0x00,0x04,
    0x00,0x04,0x00,0x04,0x40,0x04,0x00,0x04,0x00,0x04,0x00,0x04,0x00,0x04,0x00,0x04,
    0x00,0x10,0x40,0x10,0x40,0x06,0x40,0x0F,0x40,0x0F,0x40,0x06,0x40,0x04,0x40,0x06,
    0x40,0x0F,0x00,0x0F,0x40,0x06,0x00,0x04,0x00,0x06,0x00,0x0F,0x00,0x0F,0x00,0x06,
    0x00,0x00,0x40,0x00,0x7F,0xC6,0x63,0xCF,0x63,0xCF,0x63,0xC6,0x63,0xC4,0x7F,0xC6,
    0x43,0xCF,0x03,0xCF,0x03,0xC6,0x0F,0xC4,0x1F,0xC6,0x0F,0xCF,0x03,0xCF,0x01,0x86,
    0x00,0x00,0x00,0x00,0x00,0x7E,0x0C,0x42,0x1E,0x42,0x1E,0x42,0x3F,0xFE,0x7F,0xFE,
    0x7F,0xFE,0x7F,0xFE,0x7F,0xFE,0x3F,0xFF,0x00,0x00,0x00,0x00,0x00,0x00,0x00,0x00,
    0x00,0x00,0x00,0x00,0x00,0x00,0x00,0x00,0x00,0x00,0x00,0x00,0x00,0x00,0x00,0x00,
    0x00,0x00,0x00,0x00,0x00,0x00,0x00,0x01,0x00,0x00,0x00,0x00,0x1F,0xFC,0x00,0x00,
    0x00,0x00,0x00,0xFF,0x00,0x00,0x00,0x00,0x00,0x00,0x00,0x00,0x00,0x00,0x00,0x00,
    0x00,0x00,0x00,0x00,0x00,0x00,0x00,0x01,0x31,0x8C,0x7B,0xDE,0x7F,0xFE,0x31,0x8C,
    0x00,0x00,0x00,0xFF,0x00,0x7E,0x08,0x42,0x1C,0x42,0x1C,0x42,0x3F,0xFE,0x7F,0xFE,
    0x7F,0xFE,0x3F,0xFE,0x00,0x00,0x00,0x00,0x31,0x8C,0x7B,0xDE,0x7F,0xFE,0x31,0x8C,
    0x00,0x00,0x03,0xC0,0x07,0xE0,0x07,0xF8,0x07,0xFC,0x07,0xFC,0x07,0xF8,0x07,0xE0,
    0x07,0xE0,0x07,0xFE,0x07,0xE2,0x07,0xE2,0x07,0xE2,0x07,0xE2,0x07,0xFE,0x04,0x00,
    0x00,0x00,0x00,0x00,0x00,0x00,0x20,0x00,0x20,0x00,0x20,0x00,0x20,0x00,0x20,0x00,
    0x20,0x00,0x20,0x00,0x20,0x00,0x20,0x00,0x20,0x00,0x20,0x00,0x00,0x00,0x04,0x00,
    0x00,0x00,0x30,0x00,0x78,0x00,0x78,0x00,0x30,0x00,0x20,0x00,0x30,0x00,0x78,0x00,
    0x78,0x01,0x30,0x01,0x20,0x01,0x30,0x01,0x78,0x01,0x78,0x01,0x30,0x01,0x04,0x01,
    0x00,0x00,0x30,0xC0,0x79,0xE0,0x79,0xF8,0x31,0xFC,0x21,0xF8,0x31,0xE0,0x79,0xE0,
    0x79,0xE1,0x31,0xFF,0x21,0xE3,0x31,0xE3,0x79,0xE3,0x79,0xE3,0x31,0xFF,0x00,0x01,
    0x00,0x00,0x00,0x00,0x3F,0x00,0x21,0x18,0x21,0x3C,0x21,0x3C,0x3F,0xFE,0x3F,0xFF,
    0x3F,0xFF,0x3F,0xFF,0x3F,0xFF,0xFF,0xFE,0x00,0x00,0x00,0x00,0x00,0x00,0x00,0x00,
    0x00,0x00,0x00,0x00,0x00,0x00,0x00,0x00,0x00,0x00,0x00,0x00,0x00,0x00,0x00,0x00,
    0x00,0x00,0x00,0x00,0x00,0x00,0xC0,0x00,0x00,0x00,0x00,0x00,0x1F,0xFC,0x00,0x00,
    0x00,0x00,0x7F,0x80,0x00,0x00,0x00,0x00,0x00,0x00,0x00,0x00,0x00,0x00,0x00,0x00,
    0x00,0x00,0x00,0x00,0x00,0x00,0xC0,0x00,0x18,0xC6,0x3D,0xEF,0x3F,0xFF,0x18,0xC6,
    0x00,0x00,0x7F,0x80,0x3F,0x00,0x21,0x08,0x21,0x1C,0x21,0x1C,0x3F,0xFE,0x3F,0xFF,
    0x3F,0xFF,0x3F,0xFE,0x00,0x00,0x00,0x00,0x18,0xC6,0x3D,0xEF,0x3F,0xFF,0x18,0xC6,
    0x00,0x10,0x00,0x10,0x3F,0xF0,0x23,0xF0,0x23,0xF0,0x23,0xF0,0x23,0xF0,0x3F,0xF0,
    0x03,0xF0,0x03,0xF0,0x0F,0xF0,0x1F,0xF0,0x1F,0xF0,0x0F,0xF0,0x03,0xF0,0x01,0xE0,
    0x00,0x10,0x00,0x10,0x00,0x00,0x00,0x02,0x00,0x02,0x00,0x02,0x00,0x02,0x00,0x02,
    0x00,0x02,0x00,0x02,0x00,0x02,0x00,0x02,0x00,0x02,0x00,0x02,0x00,0x00,0x00,0x00,
    0x00,0x10,0x40,0x10,0x40,0x06,0x40,0x0F,0x40,0x0F,0x40,0x06,0x40,0x02,0x40,0x06,
    0x40,0x0F,0x00,0x0F,0x00,0x06,0x00,0x02,0x00,0x06,0x00,0x0F,0x00,0x0F,0x00,0x06,
    0x00,0x00,0x40,0x00,0x7F,0xC6,0x63,0xCF,0x63,0xCF,0x63,0xC6,0x63,0xC2,0x7F,0xC6,
    0x43,0xCF,0x03,0xCF,0x03,0xC6,0x0F,0xC2,0x1F,0xC6,0x0F,0xCF,0x03,0xCF,0x01,0x86,
    0x00,0x00,0x00,0x00,0x00,0xC0,0x01,0xC0,0x03,0x00,0x00,0x00,0x00,0xC2,0x10,0x82,
    0x10,0xC2,0x00,0xC4,0x11,0x86,0x30,0x02,0x30,0x02,0x30,0x0E,0x36,0x00,0x00,0x00,
    0x00,0x00,0x00,0x00,0x00,0x00,0x00,0x00,0x00,0x00,0x00,0x80,0x00,0xC0,0x09,0xC0,
    0x01,0xE0,0x03,0xE0,0x03,0xE0,0x00,0xE0,0x00,0x00,0x08,0x20,0x00,0x00,0x00,0x00,
    0x00,0x00,0x00,0x00,0x00,0x00,0x06,0x00,0x0C,0x80,0x3F,0x80,0x2F,0xF4,0x0F,0xFC,
    0x0F,0xFC,0x1F,0xF8,0x0F,0xF8,0x0F,0xFC,0x0F,0xFC,0x0F,0xF0,0x01,0xFC,0x00,0xE0,
    0x00,0x00,0x00,0x00,0x00,0xC0,0x07,0xC0,0x0F,0x80,0x3F,0x80,0x2F,0xF6,0x1F,0xFE,
    0x1F,0xFE,0x1F,0xFC,0x1F,0xFE,0x3F,0xFE,0x3F,0xFE,0x3F,0xFE,0x37,0xFC,0x00,0xE0,
    0x00,0x00,0x08,0x00,0x0C,0x00,0x0E,0x00,0x04,0x02,0x00,0x00,0x60,0xC0,0x60,0x80,
    0x03,0xE0,0x01,0xE7,0x03,0xE3,0x06,0x30,0x00,0x00,0x00,0x00,0x06,0x06,0x1C,0x00,
    0x00,0x00,0x00,0x00,0x00,0x00,0x00,0x00,0x00,0x00,0x00,0xC0,0x04,0xD8,0x0F,0xD0,
    0x07,0xF8,0x07,0xF8,0x07,0xF8,0x07,0xF0,0x06,0x70,0x0C,0x20,0x00,0x00,0x00,0x00,
    0x00,0x00,0x20,0x80,0x21,0x86,0x31,0xF4,0x39,0xE9,0x1D,0xF0,0x1F,0xFE,0x1F,0xFC,
    0x3F,0xF8,0x1F,0xF8,0x4F,0xF8,0x7F,0xFF,0x3F,0xFA,0x1F,0xB3,0x18,0xF8,0x20,0x26,
    0x00,0x00,0x28,0x80,0x2D,0x86,0x3F,0xF4,0x3D,0xEB,0x1D,0xF0,0x7F,0xFE,0x7F,0xFC,
    0x3F,0xF8,0x1F,0xFF,0x4F,0xFB,0x7F,0xFF,0x3F,0xFA,0x1F,0xB3,0x1E,0xFE,0x3C,0x26,
    0x00,0x00,0x08,0x00,0x08,0x00,0x02,0x00,0x04,0x02,0x01,0xA0,0x07,0xB0,0x06,0x70,
    0x06,0x38,0x0C,0x38,0x0E,0x38,0x1E,0xB8,0x18,0x00,0x00,0x00,0x00,0x00,0x00,0x00,
    0x00,0x00,0x00,0x00,0x00,0x00,0x01,0x40,0x09,0xD8,0x0F,0xF4,0x0F,0xFC,0x1E,0x78,
    0x1E,0x3E,0x7E,0x3E,0x4F,0x3C,0x3F,0xFC,0x3E,0xFC,0x1D,0xEC,0x0D,0x98,0x08,0x00,
    0x01,0x00,0x20,0x80,0x25,0x92,0x3D,0xF6,0x7B,0xFC,0xFF,0xF4,0x7F,0xFE,0x3F,0xFE,
    0x7F,0xFE,0x7F,0xFF,0x7F,0xFF,0xFF,0xFF,0x7F,0xFE,0x7F,0xFF,0x7F,0xFE,0x08,0xE6,
    0x01,0x00,0x28,0x80,0x2D,0x92,0x3F,0xF6,0x7F,0xFE,0xFF,0xF4,0x7F,0xFE,0x3F,0xFE,
    0x7F,0xFE,0x7F,0xFF,0x7F,0xFF,0xFF,0xFF,0x7F,0xFE,0x7F,0xFF,0x7F,0xFE,0x08,0xE6,
    0x00,0x00,0x00,0x00,0x00,0x00,0x00,0x00,0x00,0x00,0x00,0x80,0x00,0x08,0x00,0x00,
    0x04,0x00,0x04,0x20,0x00,0x80,0x01,0x90,0x01,0xC0,0x10,0x00,0x10,0x00,0x02,0x00,
    0x00,0x00,0x00,0x00,0x00,0x00,0x01,0x00,0x00,0x00,0x1A,0xC0,0x1C,0x00,0x18,0x00,
    0x18,0x04,0x60,0x20,0x40,0x00,0x00,0x10,0x00,0x00,0x08,0x04,0x0C,0x00,0x04,0x00,
    0x00,0x00,0x30,0x80,0x15,0xA4,0x09,0xF6,0x3B,0xB7,0xFE,0xFE,0x7D,0x32,0x7C,0x46,
    0x78,0x4E,0x78,0x2F,0x48,0x0E,0xDC,0x7D,0x7E,0x3E,0x4F,0x7F,0xEF,0xE2,0x24,0xC0,
    0x00,0x00,0x30,0x80,0x15,0xA4,0x09,0xF6,0x3B,0xB7,0xFE,0xFE,0x7D,0x3A,0x7C,0x46,
    0x7C,0x4E,0x7C,0x2F,0x48,0x8E,0xDD,0xFD,0x7F,0xFE,0x5F,0x7F,0xFF,0xE2,0x26,0xC0,
    0x00,0x00,0x00,0x00,0x00,0x00,0x00,0x00,0x00,0x00,0x00,0x00,0x00,0x00,0x00,0x20,
    0x02,0xC1,0x02,0x40,0x07,0x1C,0x56,0x4E,0x41,0xC8,0x05,0x98,0x07,0x80,0x00,0x00,
    0x00,0x00,0x00,0x00,0x00,0x00,0x00,0x60,0x08,0x80,0x00,0x00,0x00,0x00,0x00,0x00,
    0x00,0x00,0x00,0x00,0x00,0x00,0x00,0x00,0x00,0x00,0x00,0x00,0x00,0x08,0x04,0x00,
    0x01,0x00,0x20,0x80,0x25,0x92,0x20,0xFE,0x78,0x84,0x18,0x00,0x0C,0x08,0x0C,0x00,
    0x18,0x00,0x0C,0x00,0x00,0x01,0x80,0x01,0x2E,0x04,0x2A,0x27,0x88,0x0E,0x14,0xA6,
    0x01,0x00,0x20,0x80,0x25,0x92,0x20,0xFE,0x78,0x84,0x18,0x00,0x0C,0x08,0x0C,0x20,
    0x1A,0xC1,0x0E,0x40,0x07,0x1D,0xD6,0x4F,0x6F,0xCC,0x2F,0xBF,0x8F,0x8E,0x14,0xA6,
    0x00,0x00,0x00,0x00,0x00,0x00,0x00,0x00,0x00,0x00,0x00,0x00,0x00,0x00,0x00,0x00,
    0x02,0x01,0x08,0x30,0x06,0x1C,0x4E,0x7C,0x48,0x48,0x05,0x88,0x06,0x00,0x00,0x00,
    0x00,0x00,0x00,0x00,0x00,0x00,0x00,0x00,0x00,0x00,0x00,0x00,0x00,0x00,0x00,0x00,
    0x00,0x00,0x00,0x00,0x00,0x00,0x00,0x00,0x00,0x00,0x00,0x00,0x00,0x08,0x00,0x00,
    0x00,0x00,0x00,0x00,0x00,0x00,0x00,0x00,0x48,0x00,0x00,0x07,0x20,0x0A,0x3C,0x09,
    0x00,0x0C,0x04,0x00,0x00,0x01,0x90,0x03,0x34,0x15,0x2A,0x37,0x88,0xFE,0x21,0xA6,
    0x00,0x00,0x00,0x00,0x00,0x00,0x00,0x00,0x48,0x00,0x00,0x07,0x20,0x0A,0x3C,0x09,
    0x02,0x0D,0x0C,0x30,0x06,0x1D,0xDE,0x7F,0x7C,0x5D,0x2F,0xBF,0x8E,0xFE,0x21,0xA6,
    0x00,0x00,0x00,0x00,0x00,0x00,0x00,0x00,0x00,0x00,0x00,0x00,0x00,0x00,0x00,0x00,
    0x00,0x00,0x00,0x00,0x00,0x00,0x00,0x00,0x08,0x10,0x0F,0x58,0x09,0x4C,0x1B,0x76,
    0x00,0x00,0x00,0x00,0x00,0x00,0x00,0x00,0x00,0x00,0x00,0x00,0x00,0x00,0x00,0x00,
    0x00,0x00,0x00,0x00,0x04,0x00,0x00,0x00,0x00,0x00,0x00,0x00,0x00,0x00,0x00,0x00,
    0x00,0x00,0x00,0x00,0x00,0x00,0x00,0x00,0x00,0x04,0x01,0x40,0x00,0x10,0x00,0x08,
    0x0E,0x00,0x00,0x82,0x0C,0xD0,0x02,0x7C,0x07,0x8C,0x10,0x24,0x24,0xB0,0x04,0x00,
    0x00,0x00,0x00,0x00,0x00,0x00,0x00,0x00,0x00,0x04,0x01,0x40,0x00,0x10,0x00,0x08,
    0x0E,0x00,0x00,0x82,0x0C,0xD0,0x02,0x7C,0x0F,0x8C,0x1F,0x2C,0x2C,0xB4,0x1F,0x46,
    0x00,0x00,0x00,0x00,0x00,0x40,0x00,0x10,0x00,0x00,0x00,0x20,0x00,0x00,0x00,0x00,
    0x00,0x00,0x00,0x00,0x00,0x00,0x00,0x70,0x0F,0x18,0x0F,0x7C,0x0D,0xFC,0x1B,0x76,
    0x00,0x00,0x00,0x00,0x00,0x40,0x00,0x10,0x00,0x00,0x00,0x20,0x00,0x00,0x00,0x00,
    0x02,0x04,0x14,0x40,0x04,0x02,0x08,0x00,0x00,0x00,0x00,0x00,0x00,0x00,0x00,0x00,
    0x00,0x00,0x00,0x00,0x00,0x40,0x00,0x10,0x00,0x00,0x00,0x20,0x00,0x00,0x00,0x00,
    0x02,0x24,0x15,0x42,0x0D,0xFA,0x0B,0x0C,0x00,0x00,0x00,0x00,0x00,0x00,0x00,0x00,
    0x00,0x00,0x00,0x00,0x00,0x00,0x00,0x00,0x00,0x00,0x00,0x00,0x00,0x00,0x00,0x00,
    0x02,0x24,0x15,0x42,0x0D,0xFA,0x0B,0x7C,0x0F,0x08,0x0F,0x0C,0x0C,0x84,0x1B,0x46,
    0x00,0x80,0x00,0x00,0x00,0x00,0x00,0x10,0x00,0x00,0x00,0x00,0x00,0x00,0x00,0x00,
    0x00,0x00,0x00,0x00,0x00,0x00,0x00,0x70,0x0F,0x18,0x0F,0x7C,0x0D,0xFC,0x1B,0x76,
    0x00,0x80,0x00,0x00,0x00,0x00,0x00,0x10,0x00,0x00,0x00,0x00,0x00,0x00,0x01,0x00,
    0x10,0x04,0x0C,0x12,0x04,0x02,0x08,0x00,0x00,0x00,0x00,0x00,0x00,0x00,0x00,0x00,
    0x00,0x80,0x00,0x00,0x00,0x00,0x00,0x10,0x00,0x00,0x00,0x00,0x00,0x00,0x01,0x00,
    0x14,0xA4,0x0C,0x16,0x05,0xFA,0x0B,0x0C,0x00,0x00,0x00,0x00,0x00,0x00,0x00,0x00,
    0x00,0x00,0x00,0x00,0x00,0x00,0x00,0x00,0x00,0x00,0x00,0x00,0x00,0x00,0x01,0x00,
    0x14,0xA4,0x0C,0x16,0x05,0xFA,0x0B,0x7C,0x0F,0x08,0x0F,0x0C,0x0C,0x84,0x1B,0x46,
    0x00,0x00,0x00,0x00,0x00,0x00,0x00,0x00,0x00,0x00,0x00,0x00,0x00,0x00,0x00,0x00,
    0x00,0x00,0x00,0x00,0x00,0x00,0x00,0x70,0x0F,0x18,0x0F,0x7C,0x0D,0xFC,0x1B,0x76,
    0x00,0x00,0x00,0x00,0x00,0x00,0x00,0x00,0x00,0x00,0x00,0x00,0x00,0x00,0x00,0x80,
    0x00,0x08,0x12,0x00,0x04,0x02,0x08,0x00,0x00,0x00,0x00,0x00,0x00,0x00,0x00,0x00,
    0x00,0x00,0x00,0x00,0x00,0x00,0x00,0x00,0x00,0x00,0x00,0x00,0x00,0x00,0x00,0x80,
    0x04,0x2A,0x12,0x82,0x0D,0xFA,0x0B,0x0C,0x00,0x00,0x00,0x00,0x00,0x00,0x00,0x00,
    0x00,0x00,0x00,0x00,0x00,0x00,0x00,0x00,0x00,0x00,0x00,0x00,0x00,0x00,0x00,0x80,
    0x04,0x2A,0x12,0x82,0x0D,0xFA,0x0B,0x7C,0x0F,0x08,0x0F,0x0C,0x0C,0x84,0x1B,0x46,
    0x00,0x00,0x00,0x00,0x00,0x00,0x00,0x00,0x00,0x00,0x00,0x00,0x00,0x00,0x00,0x00,
    0x00,0x00,0x00,0x00,0x00,0x00,0x00,0x00,0x00,0x00,0x00,0x00,0x00,0x00,0x00,0x00,
    0x00,0x00,0x00,0x00,0x00,0x00,0x00,0x00,0x00,0x00,0x00,0x00,0x00,0x00,0x00,0x00,
    0x00,0x00,0x00,0x00,0x00,0x00,0x00,0x00,0x00,0x00,0x00,0x00,0x00,0x00,0x00,0x00,
    0xFF,0xFF,0xFF,0xFF,0xFF,0xFF,0xFF,0xFF,0xFF,0xFF,0xFF,0xFF,0xFF,0xFF,0xFF,0xFF,
    0xFF,0xFF,0xFF,0xFF,0xFF,0xFF,0xFF,0xFF,0xFF,0xFF,0xFF,0xFF,0xFF,0xFF,0xFF,0xFF,
    0xFF,0xFE,0xFF,0xFE,0xFF,0xFE,0xFF,0xFE,0xFF,0xFE,0xFF,0xFE,0xFF,0xFE,0x00,0x00,
    0xFE,0xFF,0xFE,0xFF,0xFE,0xFF,0xFE,0xFF,0xFE,0xFF,0xFE,0xFF,0xFE,0xFF,0x00,0x00,
    0x00,0x00,0x00,0x00,0x00,0x00,0x00,0x00,0x00,0x00,0x00,0x00,0x00,0x00,0x00,0x00,
    0x00,0x00,0x00,0x00,0x00,0x00,0x00,0x00,0x00,0x00,0x00,0x00,0x00,0x00,0x00,0x00,
    0x00,0x00,0x03,0xC0,0x0F,0xF0,0x1F,0xF8,0x3F,0xFC,0x3F,0xFC,0x7F,0xFE,0x7F,0xFE,
    0xFB,0xDF,0xFB,0xDF,0xFF,0xFF,0xFF,0xFF,0xFF,0xFF,0xFF,0xFF,0xFF,0xFF,0xFF,0xFF,
    0x00,0x00,0x03,0xC0,0x0F,0xF0,0x1F,0xF8,0x3F,0xFC,0x3F,0xFC,0x7F,0xFE,0x7F,0xFE,
    0xFB,0xDF,0xFB,0xDF,0xFF,0xFF,0xFF,0xFF,0xFF,0xFF,0xFF,0xFF,0xFF,0xFF,0xFF,0xFF,
    0x00,0x00,0x03,0xC0,0x0D,0xB0,0x11,0x88,0x21,0x84,0x21,0x84,0x41,0x82,0x41,0x82,
    0x81,0x81,0x81,0x81,0x81,0x81,0x81,0x81,0x81,0x81,0x81,0x81,0x81,0x81,0xFF,0xFF,
    0x00,0x00,0x00,0x00,0x00,0x00,0x00,0x00,0x00,0x00,0x00,0x00,0x00,0x00,0x00,0x00,
    0x00,0x00,0x00,0x00,0x00,0x00,0x00,0x00,0x00,0x00,0x00,0x00,0x00,0x00,0x00,0x00,
    0x00,0x00,0x06,0x60,0x0E,0x70,0x1E,0x78,0x3E,0x7C,0x3E,0x7C,0x7E,0x7E,0x7E,0x7E,
    0xF6,0x6F,0xF6,0x6F,0xFE,0x7F,0xFE,0x7F,0xFE,0x7F,0xFE,0x7F,0xFE,0x7F,0xFE,0x7F,
    0x00,0x00,0x06,0x60,0x0E,0x70,0x1E,0x78,0x3E,0x7C,0x3E,0x7C,0x7E,0x7E,0x7E,0x7E,
    0xF6,0x6F,0xF6,0x6F,0xFE,0x7F,0xFE,0x7F,0xFE,0x7F,0xFE,0x7F,0xFE,0x7F,0xFE,0x7F,
    0x00,0x00,0x06,0x60,0x0A,0x50,0x12,0x48,0x22,0x44,0x22,0x44,0x42,0x42,0x42,0x42,
    0x82,0x41,0x82,0x41,0x82,0x41,0x82,0x41,0x82,0x41,0x82,0x41,0x82,0x41,0xFE,0x7F,
    0x00,0x00,0x00,0x00,0x00,0x00,0x00,0x00,0x00,0x00,0x00,0x00,0x00,0x00,0x00,0x00,
    0x00,0x00,0x00,0x00,0x00,0x00,0x00,0x00,0x00,0x00,0x00,0x00,0x00,0x00,0x00,0x00,
    0x00,0x00,0x0C,0x30,0x1C,0x38,0x3C,0x3C,0x3C,0x3C,0x7C,0x3E,0x7C,0x3E,0x7C,0x3E,
    0xEC,0x37,0xEC,0x37,0xFC,0x3F,0xFC,0x3F,0xFC,0x3F,0xFC,0x3F,0xFC,0x3F,0xFC,0x3F,
    0x00,0x00,0x0C,0x30,0x1C,0x38,0x3C,0x3C,0x3C,0x3C,0x7C,0x3E,0x7C,0x3E,0x7C,0x3E,
    0xEC,0x37,0xEC,0x37,0xFC,0x3F,0xFC,0x3F,0xFC,0x3F,0xFC,0x3F,0xFC,0x3F,0xFC,0x3F,
    0x00,0x00,0x0C,0x30,0x14,0x28,0x24,0x24,0x24,0x24,0x44,0x22,0x44,0x22,0x44,0x22,
    0x84,0x21,0x84,0x21,0x84,0x21,0x84,0x21,0x84,0x21,0x84,0x21,0x84,0x21,0xFC,0x3F,
    0x00,0x00,0x00,0x00,0x00,0x00,0x00,0x00,0x00,0x00,0x00,0x00,0x00,0x00,0x00,0x00,
    0x00,0x00,0x00,0x00,0x00,0x00,0x00,0x00,0x00,0x00,0x00,0x00,0x00,0x00,0x00,0x00,
    0x00,0x00,0x08,0x10,0x18,0x18,0x38,0x1C,0x38,0x1C,0x78,0x1E,0x78,0x1E,0x78,0x1E,
    0xE8,0x17,0xE8,0x17,0xF8,0x1F,0xF8,0x1F,0xF8,0x1F,0xF8,0x1F,0xF8,0x1F,0xF8,0x1F,
    0x00,0x00,0x08,0x10,0x18,0x18,0x38,0x1C,0x38,0x1C,0x78,0x1E,0x78,0x1E,0x78,0x1E,
    0xE8,0x17,0xE8,0x17,0xF8,0x1F,0xF8,0x1F,0xF8,0x1F,0xF8,0x1F,0xF8,0x1F,0xF8,0x1F,
    0x00,0x00,0x08,0x10,0x18,0x18,0x28,0x14,0x28,0x14,0x48,0x12,0x48,0x12,0x48,0x12,
    0x88,0x11,0x88,0x11,0x88,0x11,0x88,0x11,0x88,0x11,0x88,0x11,0x88,0x11,0xF8,0x1F,
    0x00,0x00,0x00,0x00,0x00,0x00,0x00,0x00,0x00,0x00,0x00,0x00,0x00,0x00,0x00,0x00,
    0x00,0x00,0x00,0x00,0x00,0x00,0x00,0x00,0x00,0x00,0x00,0x00,0x00,0x00,0x00,0x00,
    0x00,0x00,0x10,0x08,0x30,0x0C,0x30,0x0C,0x70,0x0E,0x70,0x0E,0x70,0x0E,0xF0,0x0F,
    0xD0,0x0B,0xD0,0x0B,0xF0,0x0F,0xF0,0x0F,0xF0,0x0F,0xF0,0x0F,0xF0,0x0F,0xF0,0x0F,
    0x00,0x00,0x10,0x08,0x30,0x0C,0x30,0x0C,0x70,0x0E,0x70,0x0E,0x70,0x0E,0xF0,0x0F,
    0xD0,0x0B,0xD0,0x0B,0xF0,0x0F,0xF0,0x0F,0xF0,0x0F,0xF0,0x0F,0xF0,0x0F,0xF0,0x0F,
    0x00,0x00,0x10,0x08,0x30,0x0C,0x30,0x0C,0x50,0x0A,0x50,0x0A,0x50,0x0A,0x90,0x09,
    0x90,0x09,0x90,0x09,0x90,0x09,0x90,0x09,0x90,0x09,0x90,0x09,0x90,0x09,0xF0,0x0F,
    0x00,0x00,0x00,0x00,0x00,0x00,0x00,0x00,0x00,0x00,0x00,0x00,0x00,0x00,0x00,0x00,
    0x00,0x00,0x00,0x00,0x00,0x00,0x00,0x00,0x00,0x00,0x00,0x00,0x00,0x00,0x00,0x00,
    0x00,0x00,0x20,0x04,0x20,0x04,0x20,0x04,0x60,0x06,0xE0,0x07,0xE0,0x07,0xE0,0x07,
    0xA0,0x05,0xA0,0x05,0xE0,0x07,0xE0,0x07,0xE0,0x07,0xE0,0x07,0xE0,0x07,0xE0,0x07,
    0x00,0x00,0x20,0x04,0x20,0x04,0x20,0x04,0x60,0x06,0xE0,0x07,0xE0,0x07,0xE0,0x07,
    0xA0,0x05,0xA0,0x05,0xE0,0x07,0xE0,0x07,0xE0,0x07,0xE0,0x07,0xE0,0x07,0xE0,0x07,
    0x00,0x00,0x20,0x04,0x20,0x04,0x20,0x04,0x60,0x06,0xA0,0x05,0xA0,0x05,0xA0,0x05,
    0xA0,0x05,0xA0,0x05,0xA0,0x05,0xA0,0x05,0xA0,0x05,0xA0,0x05,0xA0,0x05,0xE0,0x07,
    0x00,0x00,0x00,0x00,0x01,0xFC,0x03,0xFC,0x07,0xFC,0x0F,0xFC,0x0F,0xF8,0x00,0x00,
    0x00,0x00,0x00,0x00,0x00,0x00,0xC0,0x01,0x0C,0x18,0x1E,0x3C,0x1E,0x3C,0x0C,0x18,
    0x00,0x00,0x00,0x00,0x01,0xF8,0x03,0xC0,0x07,0x80,0x0F,0xC0,0x0F,0x80,0x3F,0xFE,
    0x3F,0xFE,0x3F,0xFE,0x3F,0xFE,0xFF,0xFF,0x0C,0x18,0x1E,0x3C,0x1E,0x3C,0x0C,0x18,
    0x00,0x00,0x00,0x00,0x00,0x00,0x03,0x00,0x06,0x00,0x0C,0x00,0x08,0x00,0x00,0x00,
    0x00,0x00,0x00,0x00,0x00,0x00,0xC0,0x01,0x0C,0x18,0x1E,0x3C,0x1E,0x3C,0x0C,0x18,
    0x00,0x00,0x00,0x00,0x00,0x00,0x03,0x38,0x07,0xE0,0x0F,0xC0,0x0F,0xF0,0x3F,0xFE,
    0x00,0x00,0x3F,0xFE,0x00,0x00,0x3F,0xFE,0x00,0x00,0x00,0x00,0x00,0x00,0x00,0x00,
    0x04,0x00,0x04,0x00,0x00,0x00,0x30,0x00,0x78,0x30,0x78,0x38,0x30,0x3C,0x00,0x3E,
    0x00,0x3E,0x00,0x3E,0x30,0x3E,0x78,0x3E,0x78,0x3E,0x30,0x1E,0x00,0x00,0x04,0x00,
    0x04,0x00,0x04,0x00,0x07,0xC0,0x37,0xC0,0x7F,0xF0,0x7F,0xF8,0x37,0xFC,0x07,0xFE,
    0x07,0xFE,0x07,0xD6,0x37,0xC2,0x7F,0xC2,0x7F,0xC2,0x37,0xC0,0x07,0xC0,0x04,0x00,
    0x04,0x00,0x04,0x00,0x00,0x00,0x30,0x00,0x78,0x30,0x78,0x18,0x30,0x0C,0x00,0x04,
    0x00,0x00,0x00,0x00,0x30,0x00,0x78,0x00,0x78,0x00,0x30,0x00,0x00,0x00,0x04,0x00,
    0x00,0x00,0x00,0x00,0x05,0x40,0x05,0x40,0x05,0x70,0x05,0x78,0x05,0x7C,0x05,0x7C,
    0x05,0x78,0x05,0x78,0x05,0x6C,0x05,0x64,0x05,0x44,0x05,0x40,0x05,0x40,0x00,0x00,
    0x00,0x00,0x00,0x00,0x1F,0xC0,0x1F,0xE0,0x1F,0xF0,0x1F,0xF8,0x0F,0xF8,0x00,0x00,
    0x00,0x00,0x00,0x00,0x00,0x00,0xC0,0x01,0x0C,0x18,0x1E,0x3C,0x1E,0x3C,0x0C,0x18,
    0x00,0x00,0x00,0x00,0x0F,0xC0,0x01,0xE0,0x00,0xF0,0x01,0xF8,0x00,0xF8,0x3F,0xFE,
    0x3F,0xFE,0x3F,0xFE,0x3F,0xFE,0xFF,0xFF,0x0C,0x18,0x1E,0x3C,0x1E,0x3C,0x0C,0x18,
    0x00,0x00,0x00,0x00,0x00,0x00,0x00,0x60,0x00,0x30,0x00,0x18,0x00,0x08,0x00,0x00,
    0x00,0x00,0x00,0x00,0x00,0x00,0xC0,0x01,0x0C,0x18,0x1E,0x3C,0x1E,0x3C,0x0C,0x18,
    0x00,0x00,0x00,0x00,0x00,0x00,0x0E,0x60,0x03,0xF0,0x01,0xF8,0x07,0xF8,0x3F,0xFE,
    0x00,0x00,0x3F,0xFE,0x00,0x00,0x3F,0xFE,0x00,0x00,0x00,0x00,0x00,0x00,0x00,0x00,
    0x00,0x10,0x00,0x10,0x00,0x00,0x3C,0x06,0x3E,0x0F,0x3E,0x0F,0x3E,0x06,0x3E,0x00,
    0x3E,0x00,0x3E,0x00,0x1E,0x06,0x0E,0x0F,0x06,0x0F,0x00,0x06,0x00,0x00,0x00,0x10,
    0x00,0x10,0x00,0x10,0x01,0xF0,0x01,0xF6,0x21,0xFF,0x21,0xFF,0x21,0xF6,0x35,0xF0,
    0x3F,0xF0,0x3F,0xF0,0x1F,0xF6,0x0F,0xFF,0x07,0xFF,0x01,0xF6,0x01,0xF0,0x00,0x10,
    0x00,0x10,0x00,0x10,0x00,0x00,0x00,0x06,0x00,0x0F,0x00,0x0F,0x00,0x06,0x00,0x00,
    0x00,0x00,0x10,0x00,0x18,0x06,0x0C,0x0F,0x06,0x0F,0x00,0x06,0x00,0x00,0x00,0x10,
    0x00,0x00,0x00,0x00,0x01,0x50,0x01,0x50,0x11,0x50,0x13,0x50,0x1B,0x50,0x0F,0x50,
    0x0F,0x50,0x1F,0x50,0x1F,0x50,0x0F,0x50,0x07,0x50,0x01,0x50,0x01,0x50,0x00,0x00,
    0x00,0x00,0x00,0x00,0x00,0x00,0x00,0x00,0x00,0x00,0x00,0x00,0x31,0xC6,0x00,0x00,
    0x00,0x00,0x00,0x00,0x00,0x00,0xC0,0x01,0x0C,0x18,0x1E,0x3C,0x1E,0x3C,0x0C,0x18,
    0x00,0x00,0x00,0x00,0x00,0x00,0x01,0xC0,0x3B,0xEE,0x3B,0xEE,0x3F,0xFE,0x7B,0xEF,
    0x3B,0xEE,0x3F,0xFE,0x3B,0xEE,0xFB,0xEF,0x0C,0x18,0x1E,0x3C,0x1E,0x3C,0x0C,0x18,
    0x00,0x00,0x00,0x00,0x00,0x00,0x01,0xC0,0x3F,0xFE,0x3F,0xFE,0x3F,0xFE,0x7B,0xEF,
    0x3B,0xEE,0x3F,0xFE,0x3F,0xFE,0xFF,0xFF,0x0C,0x18,0x1E,0x3C,0x1E,0x3C,0x0C,0x18,
    0x00,0x00,0x00,0x00,0x00,0x00,0x00,0x00,0x04,0x10,0x04,0x10,0x0E,0x38,0x0A,0x28,
    0x0A,0x28,0x04,0x10,0x04,0x10,0x04,0x10,0x00,0x00,0x00,0x00,0x00,0x00,0x00,0x00,
    0x04,0x00,0x04,0x00,0x00,0x20,0x30,0x20,0x78,0x00,0x78,0x00,0x30,0x00,0x00,0x20,
    0x00,0x20,0x00,0x20,0x30,0x00,0x78,0x00,0x78,0x00,0x30,0x20,0x00,0x20,0x04,0x00,
    0x04,0x00,0x04,0x40,0x07,0xF8,0x37,0xF8,0x7F,0xF8,0x79,0x20,0x37,0xF8,0x07,0xFC,
    0x07,0xFC,0x07,0xFC,0x37,0xF8,0x79,0x20,0x7F,0xF8,0x37,0xF8,0x07,0xF8,0x04,0x40,
    0x04,0x00,0x04,0x40,0x07,0xF8,0x37,0xF8,0x7F,0xF8,0x7F,0x38,0x37,0xF8,0x07,0xFC,
    0x07,0xFC,0x07,0xFC,0x37,0xF8,0x7F,0x38,0x7F,0xF8,0x37,0xF8,0x07,0xF8,0x04,0x40,
    0x00,0x00,0x00,0x00,0x00,0x00,0x00,0x00,0x00,0xE0,0x07,0x38,0x00,0xE0,0x00,0x00,
    0x00,0x00,0x00,0x00,0x00,0xE0,0x07,0x38,0x00,0xE0,0x00,0x00,0x00,0x00,0x00,0x00,
    0x00,0x00,0x00,0x00,0x00,0x00,0x00,0x00,0x00,0x00,0x00,0x00,0x31,0xC6,0x00,0x00,
    0x00,0x00,0x00,0x00,0x00,0x00,0xC0,0x01,0x0C,0x18,0x1E,0x3C,0x1E,0x3C,0x0C,0x18,
    0x00,0x00,0x00,0x00,0x00,0x00,0x01,0xC0,0x3B,0xEE,0x3B,0xEE,0x3F,0xFE,0x7B,0xEF,
    0x3B,0xEE,0x3F,0xFE,0x3B,0xEE,0xFB,0xEF,0x0C,0x18,0x1E,0x3C,0x1E,0x3C,0x0C,0x18,
    0x00,0x00,0x00,0x00,0x00,0x00,0x01,0xC0,0x3F,0xFE,0x3F,0xFE,0x3F,0xFE,0x7B,0xEF,
    0x3B,0xEE,0x3F,0xFE,0x3F,0xFE,0xFF,0xFF,0x0C,0x18,0x1E,0x3C,0x1E,0x3C,0x0C,0x18,
    0x00,0x00,0x00,0x00,0x00,0x00,0x00,0x00,0x04,0x10,0x04,0x10,0x0E,0x38,0x0A,0x28,
    0x0A,0x28,0x04,0x10,0x04,0x10,0x04,0x10,0x00,0x00,0x00,0x00,0x00,0x00,0x00,0x00,
    0x00,0x10,0x00,0x10,0x02,0x00,0x02,0x06,0x00,0x0F,0x00,0x0F,0x00,0x06,0x02,0x00,
    0x02,0x00,0x02,0x00,0x00,0x06,0x00,0x0F,0x00,0x0F,0x02,0x06,0x02,0x00,0x00,0x10,
    0x00,0x10,0x01,0x10,0x0F,0xF0,0x0F,0xF6,0x0F,0xFF,0x02,0x4F,0x0F,0xF6,0x1F,0xF0,
    0x1F,0xF0,0x1F,0xF0,0x0F,0xF6,0x02,0x4F,0x0F,0xFF,0x0F,0xF6,0x0F,0xF0,0x01,0x10,
    0x00,0x10,0x01,0x10,0x0F,0xF0,0x0F,0xF6,0x0F,0xFF,0x0E,0x7F,0x0F,0xF6,0x1F,0xF0,
    0x1F,0xF0,0x1F,0xF0,0x0F,0xF6,0x0E,0x7F,0x0F,0xFF,0x0F,0xF6,0x0F,0xF0,0x01,0x10,
    0x00,0x00,0x00,0x00,0x00,0x00,0x00,0x00,0x03,0x80,0x0E,0x70,0x03,0x80,0x00,0x00,
    0x00,0x00,0x00,0x00,0x03,0x80,0x0E,0x70,0x03,0x80,0x00,0x00,0x00,0x00,0x00,0x00,
    0x00,0x00,0x00,0x00,0x00,0x00,0x00,0x00,0x00,0x00,0x00,0x00,0x00,0x00,0x3F,0xFE,
    0x3F,0xFE,0x3F,0xFE,0x3F,0xFE,0xFF,0xFF,0x0C,0x18,0x1E,0x3C,0x1E,0x3C,0x0C,0x18,
    0x00,0x00,0x01,0xE0,0x01,0xE0,0x07,0xF0,0x07,0xF0,0x0F,0xFC,0x0F,0xFC,0x00,0x00,
    0x00,0x00,0x00,0x00,0x00,0x00,0xC0,0x01,0x0C,0x18,0x1E,0x3C,0x1E,0x3C,0x0C,0x18,
    0x00,0x00,0x01,0xE0,0x01,0xE0,0x07,0xF0,0x07,0xF0,0x0F,0xFC,0x0F,0xFC,0x00,0x00,
    0x00,0x00,0x00,0x00,0x00,0x00,0xC0,0x01,0x0C,0x18,0x1E,0x3C,0x1E,0x3C,0x0C,0x18,
    0x00,0x00,0x01,0x80,0x01,0x80,0x06,0xC0,0x06,0xC0,0x0D,0xB0,0x0D,0xB0,0x3F,0xFE,
    0x00,0x00,0x3F,0xFE,0x00,0x00,0x3F,0xFE,0x00,0x00,0x00,0x00,0x00,0x00,0x00,0x00,
    0x04,0x00,0x04,0x00,0x07,0xC0,0x37,0xC0,0x7F,0xC0,0x7F,0xC0,0x37,0xC0,0x07,0xC0,
    0x07,0xC0,0x07,0xC0,0x37,0xC0,0x7F,0xC0,0x7F,0xC0,0x37,0xC0,0x07,0xC0,0x04,0x00,
    0x04,0x00,0x04,0x00,0x00,0x00,0x30,0x00,0x78,0x30,0x78,0x3C,0x30,0x3C,0x00,0x3F,
    0x00,0x3F,0x00,0x3F,0x30,0x3F,0x78,0x3C,0x78,0x30,0x30,0x30,0x00,0x00,0x04,0x00,
    0x04,0x00,0x04,0x00,0x00,0x00,0x30,0x00,0x78,0x30,0x78,0x3C,0x30,0x3C,0x00,0x3F,
    0x00,0x3F,0x00,0x3F,0x30,0x3F,0x78,0x3C,0x78,0x30,0x30,0x30,0x00,0x00,0x04,0x00,
    0x00,0x00,0x00,0x00,0x05,0x40,0x05,0x40,0x05,0x70,0x05,0x7C,0x05,0x4C,0x05,0x73,
    0x05,0x7F,0x05,0x4C,0x05,0x70,0x05,0x70,0x05,0x40,0x05,0x40,0x05,0x40,0x00,0x00,
    0x00,0x00,0x00,0x00,0x00,0x00,0x00,0x00,0x00,0x00,0x00,0x00,0x00,0x00,0x3F,0xFE,
    0x3F,0xFE,0x3F,0xFE,0x3F,0xFE,0xFF,0xFF,0x0C,0x18,0x1E,0x3C,0x1E,0x3C,0x0C,0x18,
    0x00,0x00,0x03,0xC0,0x03,0xC0,0x07,0xF0,0x07,0xF0,0x1F,0xF8,0x1F,0xF8,0x00,0x00,
    0x00,0x00,0x00,0x00,0x00,0x00,0xC0,0x01,0x0C,0x18,0x1E,0x3C,0x1E,0x3C,0x0C,0x18,
    0x00,0x00,0x03,0xC0,0x03,0xC0,0x07,0xF0,0x07,0xF0,0x1F,0xF8,0x1F,0xF8,0x00,0x00,
    0x00,0x00,0x00,0x00,0x00,0x00,0xC0,0x01,0x0C,0x18,0x1E,0x3C,0x1E,0x3C,0x0C,0x18,
    0x00,0x00,0x00,0xC0,0x00,0xC0,0x01,0xB0,0x01,0xB0,0x06,0xD8,0x06,0xD8,0x3F,0xFE,
    0x00,0x00,0x3F,0xFE,0x00,0x00,0x3F,0xFE,0x00,0x00,0x00,0x00,0x00,0x00,0x00,0x00,
    0x00,0x10,0x00,0x10,0x01,0xF0,0x01,0xF6,0x01,0xFF,0x01,0xFF,0x01,0xF6,0x01,0xF0,
    0x01,0xF0,0x01,0xF0,0x01,0xF6,0x01,0xFF,0x01,0xFF,0x01,0xF6,0x01,0xF0,0x00,0x10,
    0x00,0x10,0x00,0x10,0x00,0x00,0x06,0x06,0x06,0x0F,0x1E,0x0F,0x7E,0x06,0x7E,0x00,
    0x7E,0x00,0x7E,0x00,0x1E,0x06,0x1E,0x0F,0x06,0x0F,0x00,0x06,0x00,0x00,0x00,0x10,
    0x00,0x10,0x00,0x10,0x00,0x00,0x06,0x06,0x06,0x0F,0x1E,0x0F,0x7E,0x06,0x7E,0x00,
    0x7E,0x00,0x7E,0x00,0x1E,0x06,0x1E,0x0F,0x06,0x0F,0x00,0x06,0x00,0x00,0x00,0x10,
    0x00,0x00,0x00,0x00,0x01,0x50,0x01,0x50,0x01,0x50,0x07,0x50,0x07,0x50,0x19,0x50,
    0x7F,0x50,0x67,0x50,0x19,0x50,0x1F,0x50,0x07,0x50,0x01,0x50,0x01,0x50,0x00,0x00,
    0x00,0x00,0x00,0x00,0x00,0x00,0x00,0x00,0x00,0x00,0x00,0x00,0x00,0x00,0x3F,0xFE,
    0x3F,0xFE,0x3F,0xFE,0x3F,0xFE,0xFF,0xFF,0x0C,0x18,0x1E,0x3C,0x1E,0x3C,0x0C,0x18,
    0x00,0x00,0x00,0x00,0x00,0x00,0x02,0x40,0x05,0xA8,0x06,0x58,0x09,0x14,0x00,0x00,
    0x00,0x00,0x00,0x00,0x00,0x00,0xC0,0x01,0x0C,0x18,0x1E,0x3C,0x1E,0x3C,0x0C,0x18,
    0x00,0x00,0x00,0x00,0x00,0x00,0x01,0xE0,0x03,0x78,0x0D,0xAC,0x1F,0xFA,0x00,0x00,
    0x00,0x00,0x00,0x00,0x00,0x00,0xC0,0x01,0x0C,0x18,0x1E,0x3C,0x1E,0x3C,0x0C,0x18,
    0x00,0x00,0x00,0x00,0x00,0x00,0x03,0xE0,0x07,0xF8,0x0F,0xFC,0x1F,0xFE,0x3F,0xFE,
    0x00,0x00,0x3F,0xFE,0x00,0x00,0x3F,0xFE,0x00,0x00,0x00,0x00,0x00,0x00,0x00,0x00,
    0x04,0x00,0x04,0x00,0x07,0xC0,0x37,0xC0,0x7F,0xC0,0x7F,0xC0,0x37,0xC0,0x07,0xC0,
    0x07,0xC0,0x07,0xC0,0x37,0xC0,0x7F,0xC0,0x7F,0xC0,0x37,0xC0,0x07,0xC0,0x04,0x00,
    0x04,0x00,0x04,0x00,0x00,0x00,0x30,0x00,0x78,0x20,0x78,0x18,0x30,0x14,0x00,0x28,
    0x00,0x08,0x00,0x14,0x30,0x08,0x78,0x30,0x78,0x18,0x30,0x20,0x00,0x00,0x04,0x00,
    0x04,0x00,0x04,0x00,0x00,0x00,0x30,0x20,0x78,0x30,0x78,0x30,0x30,0x28,0x00,0x3C,
    0x00,0x34,0x00,0x2C,0x30,0x3C,0x78,0x28,0x78,0x38,0x30,0x10,0x00,0x20,0x04,0x00,
    0x00,0x00,0x00,0x00,0x05,0x40,0x05,0x60,0x05,0x70,0x05,0x78,0x05,0x7C,0x05,0x7C,
    0x05,0x7C,0x05,0x7C,0x05,0x7C,0x05,0x78,0x05,0x78,0x05,0x70,0x05,0x60,0x00,0x00,
    0x00,0x00,0x00,0x00,0x00,0x00,0x00,0x00,0x00,0x00,0x00,0x00,0x00,0x00,0x3F,0xFE,
    0x3F,0xFE,0x3F,0xFE,0x3F,0xFE,0xFF,0xFF,0x0C,0x18,0x1E,0x3C,0x1E,0x3C,0x0C,0x18,
    0x00,0x00,0x00,0x00,0x00,0x00,0x01,0x20,0x0A,0xD0,0x0D,0x30,0x14,0x48,0x00,0x00,
    0x00,0x00,0x00,0x00,0x00,0x00,0xC0,0x01,0x0C,0x18,0x1E,0x3C,0x1E,0x3C,0x0C,0x18,
    0x00,0x00,0x00,0x00,0x00,0x00,0x03,0xC0,0x0F,0x60,0x1A,0xD8,0x2F,0xFC,0x00,0x00,
    0x00,0x00,0x00,0x00,0x00,0x00,0xC0,0x01,0x0C,0x18,0x1E,0x3C,0x1E,0x3C,0x0C,0x18,
    0x00,0x00,0x00,0x00,0x00,0x00,0x03,0xE0,0x0F,0xF0,0x1F,0xF8,0x3F,0xFC,0x3F,0xFE,
    0x00,0x00,0x3F,0xFE,0x00,0x00,0x3F,0xFE,0x00,0x00,0x00,0x00,0x00,0x00,0x00,0x00,
    0x00,0x10,0x00,0x10,0x01,0xF0,0x01,0xF6,0x01,0xFF,0x01,0xFF,0x01,0xF6,0x01,0xF0,
    0x01,0xF0,0x01,0xF0,0x01,0xF6,0x01,0xFF,0x01,0xFF,0x01,0xF6,0x01,0xF0,0x00,0x10,
    0x00,0x10,0x00,0x10,0x00,0x00,0x02,0x06,0x0C,0x0F,0x06,0x0F,0x08,0x06,0x14,0x00,
    0x08,0x00,0x0A,0x00,0x14,0x06,0x0C,0x0F,0x02,0x0F,0x00,0x06,0x00,0x00,0x00,0x10,
    0x00,0x10,0x00,0x10,0x02,0x00,0x04,0x06,0x0E,0x0F,0x0A,0x0F,0x1E,0x06,0x1A,0x00,
    0x16,0x00,0x1E,0x00,0x0A,0x06,0x06,0x0F,0x06,0x0F,0x02,0x06,0x00,0x00,0x00,0x10,
    0x00,0x00,0x00,0x00,0x03,0x50,0x07,0x50,0x0F,0x50,0x0F,0x50,0x1F,0x50,0x1F,0x50,
    0x1F,0x50,0x1F,0x50,0x1F,0x50,0x0F,0x50,0x07,0x50,0x03,0x50,0x01,0x50,0x00,0x00,
    0x00,0x00,0x00,0x00,0x00,0x00,0x0E,0x38,0x0E,0x38,0x3F,0xFE,0x3F,0xFE,0x3F,0xFE,
    0x3F,0xFE,0x3F,0xFE,0x3F,0xFE,0xFF,0xFF,0x0C,0x18,0x1E,0x3C,0x1E,0x3C,0x0C,0x18,
    0x00,0x00,0x00,0x00,0x00,0x00,0x0E,0x38,0x0E,0x38,0x3F,0xFE,0x3F,0xFE,0x3F,0xFE,
    0x3F,0xFE,0x3F,0xFE,0x3F,0xFE,0xFF,0xFF,0x0C,0x18,0x1E,0x3C,0x1E,0x3C,0x0C,0x18,
    0x00,0x00,0x00,0x00,0x00,0x00,0x0E,0x38,0x0E,0x38,0x3F,0xFE,0x3F,0xFE,0x3F,0xFE,
    0x3F,0xFE,0x3F,0xFE,0x3F,0xFE,0xFF,0xFF,0x0C,0x18,0x1E,0x3C,0x1E,0x3C,0x0C,0x18,
    0x00,0x00,0x00,0x00,0x00,0x00,0x00,0x00,0x0E,0x38,0x3F,0xFE,0x3F,0xFE,0x3F,0xFE,
    0x15,0x54,0x2A,0xAA,0x00,0x00,0x00,0x00,0x00,0x00,0x00,0x00,0x00,0x00,0x00,0x00,
    0x04,0x00,0x04,0x00,0x07,0xF0,0x37,0xF0,0x7F,0xFC,0x7F,0xFC,0x37,0xFC,0x07,0xF0,
    0x07,0xF0,0x07,0xF0,0x37,0xFC,0x7F,0xFC,0x7F,0xFC,0x37,0xF0,0x07,0xF0,0x04,0x00,
    0x04,0x00,0x04,0x00,0x07,0xF0,0x37,0xF0,0x7F,0xFC,0x7F,0xFC,0x37,0xFC,0x07,0xF0,
    0x07,0xF0,0x07,0xF0,0x37,0xFC,0x7F,0xFC,0x7F,0xFC,0x37,0xF0,0x07,0xF0,0x04,0x00,
    0x04,0x00,0x04,0x00,0x07,0xF0,0x37,0xF0,0x7F,0xFC,0x7F,0xFC,0x37,0xFC,0x07,0xF0,
    0x07,0xF0,0x07,0xF0,0x37,0xFC,0x7F,0xFC,0x7F,0xFC,0x37,0xF0,0x07,0xF0,0x04,0x00,
    0x00,0x00,0x00,0x00,0x01,0x70,0x00,0xF0,0x01,0x78,0x00,0xF8,0x01,0x78,0x00,0xF0,
    0x01,0x70,0x00,0xF0,0x01,0x78,0x00,0xF8,0x01,0x78,0x00,0xF0,0x01,0x70,0x00,0x00,
    0x00,0x00,0x00,0x00,0x00,0x00,0x0E,0x38,0x0E,0x38,0x3F,0xFE,0x3F,0xFE,0x3F,0xFE,
    0x3F,0xFE,0x3F,0xFE,0x3F,0xFE,0xFF,0xFF,0x0C,0x18,0x1E,0x3C,0x1E,0x3C,0x0C,0x18,
    0x00,0x00,0x00,0x00,0x00,0x00,0x0E,0x38,0x0E,0x38,0x3F,0xFE,0x3F,0xFE,0x3F,0xFE,
    0x3F,0xFE,0x3F,0xFE,0x3F,0xFE,0xFF,0xFF,0x0C,0x18,0x1E,0x3C,0x1E,0x3C,0x0C,0x18,
    0x00,0x00,0x00,0x00,0x00,0x00,0x0E,0x38,0x0E,0x38,0x3F,0xFE,0x3F,0xFE,0x3F,0xFE,
    0x3F,0xFE,0x3F,0xFE,0x3F,0xFE,0xFF,0xFF,0x0C,0x18,0x1E,0x3C,0x1E,0x3C,0x0C,0x18,
    0x00,0x00,0x00,0x00,0x00,0x00,0x00,0x00,0x0E,0x38,0x3F,0xFE,0x3F,0xFE,0x3F,0xFE,
    0x15,0x54,0x2A,0xAA,0x00,0x00,0x00,0x00,0x00,0x00,0x00,0x00,0x00,0x00,0x00,0x00,
    0x00,0x10,0x00,0x10,0x07,0xF0,0x07,0xF6,0x1F,0xFF,0x1F,0xFF,0x1F,0xF6,0x07,0xF0,
    0x07,0xF0,0x07,0xF0,0x1F,0xF6,0x1F,0xFF,0x1F,0xFF,0x07,0xF6,0x07,0xF0,0x00,0x10,
    0x00,0x10,0x00,0x10,0x07,0xF0,0x07,0xF6,0x1F,0xFF,0x1F,0xFF,0x1F,0xF6,0x07,0xF0,
    0x07,0xF0,0x07,0xF0,0x1F,0xF6,0x1F,0xFF,0x1F,0xFF,0x07,0xF6,0x07,0xF0,0x00,0x10,
    0x00,0x10,0x00,0x10,0x07,0xF0,0x07,0xF6,0x1F,0xFF,0x1F,0xFF,0x1F,0xF6,0x07,0xF0,
    0x07,0xF0,0x07,0xF0,0x1F,0xF6,0x1F,0xFF,0x1F,0xFF,0x07,0xF6,0x07,0xF0,0x00,0x10,
    0x00,0x00,0x00,0x00,0x07,0x40,0x07,0x80,0x0F,0x40,0x0F,0x80,0x0F,0x40,0x07,0x80,
    0x07,0x40,0x07,0x80,0x0F,0x40,0x0F,0x80,0x0F,0x40,0x07,0x80,0x07,0x40,0x00,0x00,
    0x00,0x00,0x00,0x00,0x00,0x00,0x00,0x00,0x00,0x00,0x00,0x00,0x00,0x00,0x00,0x00,
    0x00,0x00,0x00,0x00,0x00,0x00,0xC0,0x01,0x0C,0x18,0x1E,0x3C,0x1E,0x3C,0x0C,0x18,
    0x00,0x00,0x00,0x00,0x00,0x00,0x00,0x20,0x04,0x00,0x00,0x00,0x09,0x04,0x3F,0xFE,
    0x3F,0xFE,0x3F,0xFE,0x3F,0xFE,0xFF,0xFF,0x0C,0x18,0x1E,0x3C,0x1E,0x3C,0x0C,0x18,
    0x00,0x00,0x00,0x00,0x00,0x00,0x03,0xC0,0x03,0xF8,0x0F,0xFC,0x16,0xFA,0x3F,0xFE,
    0x3F,0xFE,0x3F,0xFE,0x3F,0xFE,0xFF,0xFF,0x0C,0x18,0x1E,0x3C,0x1E,0x3C,0x0C,0x18,
    0x00,0x00,0x00,0x00,0x00,0x00,0x02,0x80,0x03,0x98,0x0A,0x54,0x02,0x80,0x3F,0xFE,
    0x00,0x00,0x3F,0xFE,0x00,0x00,0x3F,0xFE,0x00,0x00,0x00,0x00,0x00,0x00,0x00,0x00,
    0x04,0x00,0x04,0x00,0x00,0x00,0x30,0x00,0x78,0x00,0x78,0x00,0x30,0x00,0x00,0x00,
    0x00,0x00,0x00,0x00,0x30,0x00,0x78,0x00,0x78,0x00,0x30,0x00,0x00,0x00,0x04,0x00,
    0x04,0x00,0x04,0x00,0x07,0xC0,0x37,0xC0,0x7F,0xE0,0x7F,0xC8,0x37,0xC0,0x07,0xE0,
    0x07,0xC0,0x07,0xC0,0x37,0xC4,0x7F,0xC0,0x7F,0xC0,0x37,0xE0,0x07,0xC0,0x04,0x00,
    0x04,0x00,0x04,0x00,0x07,0xC0,0x37,0xE0,0x7F,0xD0,0x7F,0xF0,0x37,0xFC,0x07,0xDC,
    0x07,0xFC,0x07,0xFC,0x37,0xF8,0x7F,0xF8,0x7F,0xF8,0x37,0xD0,0x07,0xE0,0x04,0x00,
    0x00,0x00,0x00,0x00,0x05,0x40,0x05,0x40,0x05,0x50,0x05,0x40,0x05,0x7C,0x05,0x48,
    0x05,0x6C,0x05,0x50,0x05,0x40,0x05,0x58,0x05,0x48,0x05,0x50,0x05,0x40,0x00,0x00,
    0x00,0x00,0x00,0x00,0x00,0x00,0x00,0x00,0x00,0x00,0x00,0x00,0x00,0x00,0x00,0x00,
    0x00,0x00,0x00,0x00,0x00,0x00,0xC0,0x01,0x0C,0x18,0x1E,0x3C,0x1E,0x3C,0x0C,0x18,
    0x00,0x00,0x00,0x00,0x00,0x00,0x02,0x00,0x00,0x10,0x00,0x00,0x10,0x48,0x3F,0xFE,
    0x3F,0xFE,0x3F,0xFE,0x3F,0xFE,0xFF,0xFF,0x0C,0x18,0x1E,0x3C,0x1E,0x3C,0x0C,0x18,
    0x00,0x00,0x00,0x00,0x00,0x00,0x01,0xE0,0x0F,0xE0,0x1F,0xF8,0x2F,0xB4,0x3F,0xFE,
    0x3F,0xFE,0x3F,0xFE,0x3F,0xFE,0xFF,0xFF,0x0C,0x18,0x1E,0x3C,0x1E,0x3C,0x0C,0x18,
    0x00,0x00,0x00,0x00,0x00,0x00,0x00,0xA0,0x0C,0xE0,0x15,0x28,0x00,0xA0,0x3F,0xFE,
    0x00,0x00,0x3F,0xFE,0x00,0x00,0x3F,0xFE,0x00,0x00,0x00,0x00,0x00,0x00,0x00,0x00,
    0x00,0x10,0x00,0x10,0x00,0x00,0x00,0x06,0x00,0x0F,0x00,0x0F,0x00,0x06,0x00,0x00,
    0x00,0x00,0x00,0x00,0x00,0x06,0x00,0x0F,0x00,0x0F,0x00,0x06,0x00,0x00,0x00,0x10,
    0x00,0x10,0x00,0x10,0x01,0xF0,0x03,0xF6,0x01,0xFF,0x01,0xFF,0x11,0xF6,0x01,0xF0,
    0x01,0xF0,0x03,0xF0,0x01,0xF6,0x09,0xFF,0x03,0xFF,0x01,0xF6,0x01,0xF0,0x00,0x10,
    0x00,0x10,0x00,0x10,0x03,0xF0,0x05,0xF6,0x0F,0xFF,0x0F,0xFF,0x0F,0xF6,0x1F,0xF0,
    0x1F,0xF0,0x1D,0xF0,0x1F,0xF6,0x07,0xFF,0x05,0xFF,0x03,0xF6,0x01,0xF0,0x00,0x10,
    0x00,0x00,0x00,0x00,0x01,0x50,0x05,0x50,0x09,0x50,0x0D,0x50,0x01,0x50,0x05,0x50,
    0x1B,0x50,0x09,0x50,0x1F,0x50,0x01,0x50,0x05,0x50,0x01,0x50,0x01,0x50,0x00,0x00,
    0x00,0x00,0x00,0x00,0x00,0x00,0x0C,0x18,0x3F,0xFE,0x3F,0xFE,0x3F,0xFE,0x3F,0xEE,
    0x3F,0xFE,0x3F,0xFE,0x3F,0xFE,0xFF,0xFF,0x0C,0x18,0x1E,0x3C,0x1E,0x3C,0x0C,0x18,
    0x00,0x00,0x00,0x00,0x00,0x00,0x0C,0x18,0x3F,0xFE,0x3F,0xFE,0x3F,0xFE,0x3F,0xEE,
    0x3F,0xFE,0x3F,0xFE,0x3F,0xFE,0xFF,0xFF,0x0C,0x18,0x1E,0x3C,0x1E,0x3C,0x0C,0x18,
    0x00,0x00,0x00,0x00,0x00,0x00,0x0C,0x18,0x3F,0xFE,0x3F,0xFE,0x3F,0xFE,0x3F,0xEE,
    0x3F,0xFE,0x3F,0xFE,0x3F,0xFE,0xFF,0xFF,0x0C,0x18,0x1E,0x3C,0x1E,0x3C,0x0C,0x18,
    0x00,0x00,0x00,0x00,0x00,0x00,0x0C,0x18,0x00,0x00,0x3F,0x1E,0x06,0x06,0x20,0x02,
    0x30,0x02,0x20,0x06,0x06,0x0E,0x3F,0xFE,0x00,0x00,0x00,0x00,0x00,0x00,0x00,0x00,
    0x04,0x00,0x04,0x00,0x07,0xF8,0x37,0xF8,0x7F,0xFC,0x7F,0xFC,0x37,0xF8,0x07,0xF8,
    0x07,0xF8,0x07,0xF8,0x37,0xF8,0x7F,0xBC,0x7F,0xFC,0x37,0xF8,0x07,0xF8,0x04,0x00,
    0x04,0x00,0x04,0x00,0x07,0xF8,0x37,0xF8,0x7F,0xFC,0x7F,0xFC,0x37,0xF8,0x07,0xF8,
    0x07,0xF8,0x07,0xF8,0x37,0xF8,0x7F,0xBC,0x7F,0xFC,0x37,0xF8,0x07,0xF8,0x04,0x00,
    0x04,0x00,0x04,0x00,0x07,0xF8,0x37,0xF8,0x7F,0xFC,0x7F,0xFC,0x37,0xF8,0x07,0xF8,
    0x07,0xF8,0x07,0xF8,0x37,0xF8,0x7F,0xBC,0x7F,0xFC,0x37,0xF8,0x07,0xF8,0x04,0x00,
    0x00,0x00,0x00,0x00,0x05,0xD0,0x04,0x90,0x04,0x14,0x06,0x34,0x06,0x30,0x04,0x10,
    0x04,0x00,0x04,0x00,0x04,0x00,0x04,0x14,0x06,0x14,0x07,0x30,0x07,0xF0,0x00,0x00,
    0x00,0x00,0x00,0x00,0x00,0x00,0x0C,0x18,0x3F,0xFE,0x3F,0xFE,0x3F,0xFE,0x3B,0xFE,
    0x3F,0xFE,0x3F,0xFE,0x3F,0xFE,0xFF,0xFF,0x0C,0x18,0x1E,0x3C,0x1E,0x3C,0x0C,0x18,
    0x00,0x00,0x00,0x00,0x00,0x00,0x0C,0x18,0x3F,0xFE,0x3F,0xFE,0x3F,0xFE,0x3B,0xFE,
    0x3F,0xFE,0x3F,0xFE,0x3F,0xFE,0xFF,0xFF,0x0C,0x18,0x1E,0x3C,0x1E,0x3C,0x0C,0x18,
    0x00,0x00,0x00,0x00,0x00,0x00,0x0C,0x18,0x3F,0xFE,0x3F,0xFE,0x3F,0xFE,0x3B,0xFE,
    0x3F,0xFE,0x3F,0xFE,0x3F,0xFE,0xFF,0xFF,0x0C,0x18,0x1E,0x3C,0x1E,0x3C,0x0C,0x18,
    0x00,0x00,0x00,0x00,0x00,0x00,0x0C,0x18,0x00,0x00,0x3C,0x7E,0x30,0x30,0x20,0x02,
    0x20,0x06,0x30,0x02,0x38,0x30,0x3F,0xFE,0x00,0x00,0x00,0x00,0x00,0x00,0x00,0x00,
    0x00,0x10,0x00,0x10,0x0F,0xF0,0x0F,0xF6,0x1F,0xFF,0x1E,0xFF,0x0F,0xF6,0x0F,0xF0,
    0x0F,0xF0,0x0F,0xF0,0x0F,0xF6,0x1F,0xFF,0x1F,0xFF,0x0F,0xF6,0x0F,0xF0,0x00,0x10,
    0x00,0x10,0x00,0x10,0x0F,0xF0,0x0F,0xF6,0x1F,0xFF,0x1E,0xFF,0x0F,0xF6,0x0F,0xF0,
    0x0F,0xF0,0x0F,0xF0,0x0F,0xF6,0x1F,0xFF,0x1F,0xFF,0x0F,0xF6,0x0F,0xF0,0x00,0x10,
    0x00,0x10,0x00,0x10,0x0F,0xF0,0x0F,0xF6,0x1F,0xFF,0x1E,0xFF,0x0F,0xF6,0x0F,0xF0,
    0x0F,0xF0,0x0F,0xF0,0x0F,0xF6,0x1F,0xFF,0x1F,0xFF,0x0F,0xF6,0x0F,0xF0,0x00,0x10,
    0x00,0x00,0x00,0x00,0x07,0xF0,0x06,0x70,0x14,0x30,0x14,0x10,0x00,0x10,0x00,0x10,
    0x00,0x10,0x04,0x10,0x06,0x30,0x16,0x30,0x14,0x10,0x04,0x90,0x05,0xD0,0x00,0x00,
    0x00,0x00,0x00,0x00,0x00,0x04,0x00,0x00,0x00,0x00,0x0A,0xA8,0x0A,0xA8,0x0A,0xA8,
    0x0A,0xA8,0x0A,0xA8,0x0A,0xA8,0xC0,0x01,0x0C,0x18,0x1E,0x3C,0x1E,0x3C,0x0C,0x18,
    0x00,0x00,0x00,0x04,0x00,0x1A,0x00,0x0F,0x00,0x00,0x0A,0xAC,0x0A,0xAC,0x0A,0xAC,
    0x0F,0xFC,0x1F,0xFC,0x1F,0xFC,0xC0,0x01,0x0C,0x18,0x1E,0x3C,0x1E,0x3C,0x0C,0x18,
    0x00,0x00,0x00,0x04,0x00,0x1A,0x00,0x0F,0x3F,0xFE,0x2A,0xAE,0x2A,0xAE,0x2A,0xAE,
    0x2F,0xFE,0x3F,0xFE,0x3F,0xFE,0xFF,0xFF,0x0C,0x18,0x1E,0x3C,0x1E,0x3C,0x0C,0x18,
    0x00,0x00,0x00,0x04,0x00,0x1A,0x00,0x07,0x3F,0xFE,0x20,0x02,0x20,0x06,0x20,0x06,
    0x20,0x56,0x35,0x12,0x25,0x46,0x3F,0xFE,0x00,0x00,0x00,0x00,0x00,0x00,0x00,0x00,
    0x04,0x00,0x04,0x00,0x00,0x00,0x30,0x00,0x7B,0xF0,0x78,0x00,0x33,0xF0,0x00,0x00,
    0x03,0xF0,0x00,0x00,0x33,0xF0,0x78,0x00,0x7B,0xF0,0x30,0x02,0x00,0x00,0x04,0x00,
    0x04,0x00,0x04,0x00,0x00,0x00,0x33,0x00,0x7B,0xF0,0x7B,0x80,0x33,0xF0,0x03,0x80,
    0x03,0xF0,0x03,0x80,0x33,0xF0,0x7B,0x82,0x7B,0xF6,0x33,0xF5,0x00,0x06,0x04,0x04,
    0x04,0x00,0x04,0x00,0x07,0xF8,0x37,0x08,0x7F,0xF8,0x7F,0x88,0x37,0xF8,0x07,0x88,
    0x07,0xF8,0x07,0x88,0x37,0xF8,0x7F,0x8A,0x7F,0xFE,0x37,0xFD,0x07,0xFE,0x04,0x04,
    0x00,0x00,0x00,0x00,0x07,0xF8,0x05,0x08,0x04,0x08,0x07,0x08,0x04,0x08,0x07,0x08,
    0x04,0x08,0x06,0x88,0x04,0x08,0x05,0x8A,0x04,0x0A,0x06,0xED,0x07,0xFE,0x00,0x04,
    0x00,0x00,0x00,0x00,0x10,0x00,0x00,0x00,0x00,0x00,0x0A,0xA8,0x0A,0xA8,0x0A,0xA8,
    0x0A,0xA8,0x0A,0xA8,0x0A,0xA8,0xC0,0x01,0x0C,0x18,0x1E,0x3C,0x1E,0x3C,0x0C,0x18,
    0x00,0x00,0x10,0x00,0x2C,0x00,0x78,0x00,0x00,0x00,0x1A,0xA8,0x1A,0xA8,0x1A,0xA8,
    0x1F,0xF8,0x1F,0xFC,0x1F,0xFC,0xC0,0x01,0x0C,0x18,0x1E,0x3C,0x1E,0x3C,0x0C,0x18,
    0x00,0x00,0x10,0x00,0x2C,0x00,0x78,0x00,0x3F,0xFE,0x3A,0xAA,0x3A,0xAA,0x3A,0xAA,
    0x3F,0xFA,0x3F,0xFE,0x3F,0xFE,0xFF,0xFF,0x0C,0x18,0x1E,0x3C,0x1E,0x3C,0x0C,0x18,
    0x00,0x00,0x10,0x00,0x2C,0x00,0x70,0x00,0x3F,0xFE,0x20,0x02,0x30,0x02,0x30,0x02,
    0x35,0x02,0x24,0x56,0x31,0x52,0x3F,0xFE,0x00,0x00,0x00,0x00,0x00,0x00,0x00,0x00,
    0x00,0x10,0x00,0x10,0x00,0x00,0x20,0x06,0x07,0xEF,0x00,0x0F,0x07,0xE6,0x00,0x00,
    0x07,0xE0,0x00,0x00,0x07,0xE6,0x00,0x0F,0x07,0xEF,0x00,0x06,0x00,0x00,0x00,0x10,
    0x00,0x10,0x10,0x10,0x30,0x00,0x57,0xE6,0x37,0xEF,0x20,0xEF,0x07,0xE6,0x00,0xE0,
    0x07,0xE0,0x00,0xE0,0x07,0xE6,0x00,0xEF,0x07,0xEF,0x00,0x66,0x00,0x00,0x00,0x10,
    0x00,0x10,0x10,0x10,0x3F,0xF0,0x5F,0xF6,0x3F,0xFF,0x28,0xFF,0x0F,0xF6,0x08,0xF0,
    0x0F,0xF0,0x08,0xF0,0x0F,0xF6,0x08,0xFF,0x0F,0xFF,0x08,0x76,0x0F,0xF0,0x00,0x10,
    0x00,0x00,0x10,0x00,0x3F,0xF0,0x5B,0xB0,0x28,0x10,0x28,0xD0,0x08,0x10,0x08,0xB0,
    0x08,0x10,0x08,0x70,0x08,0x10,0x08,0x70,0x08,0x10,0x08,0x50,0x0F,0xF0,0x00,0x00,
    0x00,0x00,0x00,0x00,0x00,0x00,0x0C,0x18,0x3F,0xFE,0x3F,0x8E,0x3F,0x06,0x3E,0x06,
    0x3C,0x0E,0x3C,0x1E,0x3C,0x3E,0xF9,0xFF,0x0C,0x18,0x1E,0x3C,0x1E,0x3C,0x0C,0x18,
    0x00,0x00,0x00,0x00,0x00,0x00,0x0C,0x18,0x3F,0xFE,0x3F,0xFE,0x3F,0xFE,0x3F,0xFE,
    0x3F,0xFE,0x3F,0xFE,0x3F,0xFE,0xFF,0xFF,0x0C,0x18,0x1E,0x3C,0x1E,0x3C,0x0C,0x18,
    0x00,0x00,0x00,0x00,0x00,0x00,0x0C,0x18,0x3F,0xFE,0x3F,0xFE,0x3F,0xFE,0x3F,0xFE,
    0x3F,0xFE,0x3F,0xFE,0x3F,0xFE,0xFF,0xFF,0x0C,0x18,0x1E,0x3C,0x1E,0x3C,0x0C,0x18,
    0x00,0x00,0x00,0x00,0x00,0x00,0x0C,0x18,0x00,0x00,0x3F,0x8E,0x3F,0x06,0x3E,0x06,
    0x3C,0x0E,0x3C,0x1E,0x3E,0x3E,0x3F,0xFE,0x00,0x00,0x00,0x00,0x00,0x00,0x00,0x00,
    0x04,0x00,0x04,0x00,0x07,0xF8,0x37,0xF8,0x7F,0xFC,0x7B,0xFC,0x30,0x78,0x04,0x38,
    0x04,0x18,0x04,0x08,0x36,0x08,0x7F,0x0C,0x7F,0x9C,0x37,0xF8,0x07,0xF8,0x04,0x00,
    0x04,0x00,0x04,0x00,0x07,0xF8,0x37,0xF8,0x7F,0xFC,0x7F,0xFC,0x37,0xF8,0x07,0xF8,
    0x07,0xF8,0x07,0xF8,0x37,0xF8,0x7F,0xFC,0x7F,0xFC,0x37,0xF8,0x07,0xF8,0x04,0x00,
    0x04,0x00,0x04,0x00,0x07,0xF8,0x37,0xF8,0x7F,0xFC,0x7F,0xFC,0x37,0xF8,0x07,0xF8,
    0x07,0xF8,0x07,0xF8,0x37,0xF8,0x7F,0xFC,0x7F,0xFC,0x37,0xF8,0x07,0xF8,0x04,0x00,
    0x00,0x00,0x00,0x00,0x07,0xF0,0x07,0xF0,0x07,0xF4,0x07,0xF4,0x06,0x70,0x04,0x30,
    0x04,0x10,0x04,0x00,0x06,0x00,0x07,0x04,0x07,0x94,0x07,0xF0,0x07,0xF0,0x00,0x00,
    0x00,0x00,0x00,0x00,0x00,0x00,0x0C,0x18,0x3F,0xFE,0x38,0xFE,0x30,0x7E,0x30,0x3E,
    0x38,0x1E,0x3C,0x1E,0x3E,0x1E,0xFF,0xCF,0x0C,0x18,0x1E,0x3C,0x1E,0x3C,0x0C,0x18,
    0x00,0x00,0x00,0x00,0x00,0x00,0x0C,0x18,0x3F,0xFE,0x3F,0xFE,0x3F,0xFE,0x3F,0xFE,
    0x3F,0xFE,0x3F,0xFE,0x3F,0xFE,0xFF,0xFF,0x0C,0x18,0x1E,0x3C,0x1E,0x3C,0x0C,0x18,
    0x00,0x00,0x00,0x00,0x00,0x00,0x0C,0x18,0x3F,0xFE,0x3F,0xFE,0x3F,0xFE,0x3F,0xFE,
    0x3F,0xFE,0x3F,0xFE,0x3F,0xFE,0xFF,0xFF,0x0C,0x18,0x1E,0x3C,0x1E,0x3C,0x0C,0x18,
    0x00,0x00,0x00,0x00,0x00,0x00,0x0C,0x18,0x00,0x00,0x38,0xFE,0x30,0x7E,0x30,0x3E,
    0x38,0x1E,0x3C,0x1E,0x3E,0x3E,0x3F,0xFE,0x00,0x00,0x00,0x00,0x00,0x00,0x00,0x00,
    0x00,0x10,0x00,0x10,0x0F,0xF0,0x0F,0xF6,0x1C,0xFF,0x18,0x7F,0x08,0x36,0x08,0x10,
    0x0C,0x10,0x0E,0x10,0x0F,0x06,0x1F,0xEF,0x1F,0xFF,0x0F,0xF6,0x0F,0xF0,0x00,0x10,
    0x00,0x10,0x00,0x10,0x0F,0xF0,0x0F,0xF6,0x1F,0xFF,0x1F,0xFF,0x0F,0xF6,0x0F,0xF0,
    0x0F,0xF0,0x0F,0xF0,0x0F,0xF6,0x1F,0xFF,0x1F,0xFF,0x0F,0xF6,0x0F,0xF0,0x00,0x10,
    0x00,0x10,0x00,0x10,0x0F,0xF0,0x0F,0xF6,0x1F,0xFF,0x1F,0xFF,0x0F,0xF6,0x0F,0xF0,
    0x0F,0xF0,0x0F,0xF0,0x0F,0xF6,0x1F,0xFF,0x1F,0xFF,0x0F,0xF6,0x0F,0xF0,0x00,0x10,
    0x00,0x00,0x00,0x00,0x07,0xF0,0x07,0xF0,0x14,0xF0,0x10,0x70,0x00,0x30,0x00,0x10,
    0x04,0x10,0x06,0x10,0x07,0x30,0x17,0xF0,0x17,0xF0,0x07,0xF0,0x07,0xF0,0x00,0x00,
    0x00,0x00,0x00,0x00,0x00,0x00,0x0C,0x18,0x3F,0xFE,0x3F,0xFE,0x38,0x0E,0x38,0x0E,
    0x38,0x0E,0x38,0x0E,0x38,0x0E,0xFF,0xFF,0x0C,0x18,0x1E,0x3C,0x1E,0x3C,0x0C,0x18,
    0x00,0x00,0x00,0x00,0x00,0x00,0x0C,0x18,0x3F,0xFE,0x3F,0xDE,0x3F,0xFE,0x3F,0xFE,
    0x3F,0xFE,0x3F,0xFE,0x3F,0xFE,0xFF,0xFF,0x0C,0x18,0x1E,0x3C,0x1E,0x3C,0x0C,0x18,
    0x00,0x00,0x00,0x00,0x00,0x00,0x0C,0x18,0x3F,0xFE,0x3F,0xFE,0x3F,0xFE,0x3F,0xFE,
    0x3F,0xFE,0x3F,0xFE,0x3F,0xFE,0xFF,0xFF,0x0C,0x18,0x1E,0x3C,0x1E,0x3C,0x0C,0x18,
    0x00,0x00,0x00,0x00,0x00,0x00,0x0C,0x18,0x00,0x00,0x3F,0xFE,0x38,0x0E,0x3F,0xFE,
    0x38,0x0E,0x3F,0xFE,0x38,0x0E,0x3F,0xFE,0x00,0x00,0x00,0x00,0x00,0x00,0x00,0x00,
    0x04,0x00,0x04,0x00,0x07,0xF8,0x37,0xF8,0x7F,0xFC,0x7C,0x1C,0x34,0x18,0x04,0x18,
    0x04,0x18,0x04,0x18,0x34,0x18,0x7C,0x1C,0x7F,0xFC,0x37,0xF8,0x07,0xF8,0x04,0x00,
    0x04,0x00,0x04,0x00,0x07,0xF8,0x37,0xF8,0x7F,0xFC,0x7F,0xFC,0x37,0xF8,0x07,0xF8,
    0x07,0xF8,0x07,0xF8,0x37,0xE8,0x7F,0xFC,0x7F,0xFC,0x37,0xF8,0x07,0xF8,0x04,0x00,
    0x04,0x00,0x04,0x00,0x07,0xF8,0x37,0xF8,0x7F,0xFC,0x7F,0xFC,0x37,0xF8,0x07,0xF8,
    0x07,0xF8,0x07,0xF8,0x37,0xF8,0x7F,0xFC,0x7F,0xFC,0x37,0xF8,0x07,0xF8,0x04,0x00,
    0x00,0x00,0x00,0x00,0x07,0xF0,0x07,0xF0,0x07,0xF4,0x05,0x54,0x05,0x50,0x05,0x50,
    0x05,0x50,0x05,0x50,0x05,0x50,0x05,0x54,0x07,0xF4,0x07,0xF0,0x07,0xF0,0x00,0x00,
    0x00,0x00,0x00,0x00,0x00,0x00,0x0C,0x18,0x3F,0xFE,0x3F,0xFE,0x38,0x0E,0x38,0x0E,
    0x38,0x0E,0x38,0x0E,0x38,0x0E,0xFF,0xFF,0x0C,0x18,0x1E,0x3C,0x1E,0x3C,0x0C,0x18,
    0x00,0x00,0x00,0x00,0x00,0x00,0x0C,0x18,0x3F,0xFE,0x3D,0xFE,0x3F,0xFE,0x3F,0xFE,
    0x3F,0xFE,0x3F,0xFE,0x3F,0xFE,0xFF,0xFF,0x0C,0x18,0x1E,0x3C,0x1E,0x3C,0x0C,0x18,
    0x00,0x00,0x00,0x00,0x00,0x00,0x0C,0x18,0x3F,0xFE,0x3F,0xFE,0x3F,0xFE,0x3F,0xFE,
    0x3F,0xFE,0x3F,0xFE,0x3F,0xFE,0xFF,0xFF,0x0C,0x18,0x1E,0x3C,0x1E,0x3C,0x0C,0x18,
    0x00,0x00,0x00,0x00,0x00,0x00,0x0C,0x18,0x00,0x00,0x3F,0xFE,0x38,0x0E,0x3F,0xFE,
    0x38,0x0E,0x3F,0xFE,0x38,0x0E,0x3F,0xFE,0x00,0x00,0x00,0x00,0x00,0x00,0x00,0x00,
    0x00,0x10,0x00,0x10,0x0F,0xF0,0x0F,0xF6,0x1F,0xFF,0x1C,0x1F,0x0C,0x16,0x0C,0x10,
    0x0C,0x10,0x0C,0x10,0x0C,0x16,0x1C,0x1F,0x1F,0xFF,0x0F,0xF6,0x0F,0xF0,0x00,0x10,
    0x00,0x10,0x00,0x10,0x0F,0xF0,0x0F,0xF6,0x1F,0xFF,0x1F,0xFF,0x0B,0xF6,0x0F,0xF0,
    0x0F,0xF0,0x0F,0xF0,0x0F,0xF6,0x1F,0xFF,0x1F,0xFF,0x0F,0xF6,0x0F,0xF0,0x00,0x10,
    0x00,0x10,0x00,0x10,0x0F,0xF0,0x0F,0xF6,0x1F,0xFF,0x1F,0xFF,0x0F,0xF6,0x0F,0xF0,
    0x0F,0xF0,0x0F,0xF0,0x0F,0xF6,0x1F,0xFF,0x1F,0xFF,0x0F,0xF6,0x0F,0xF0,0x00,0x10,
    0x00,0x00,0x00,0x00,0x07,0xF0,0x07,0xF0,0x17,0xF0,0x15,0x50,0x05,0x50,0x05,0x50,
    0x05,0x50,0x05,0x50,0x05,0x50,0x15,0x50,0x17,0xF0,0x07,0xF0,0x07,0xF0,0x00,0x00,
    0x00,0x00,0x03,0xE0,0x03,0x20,0x03,0xA0,0x1F,0x7C,0x19,0x64,0x1D,0x74,0x3F,0xFE,
    0x3F,0xFE,0x3F,0xFE,0x3F,0xFE,0xFF,0xFF,0x0C,0x18,0x1E,0x3C,0x1E,0x3C,0x0C,0x18,
    0x00,0x00,0x03,0xE0,0x02,0xA0,0x03,0x60,0x1F,0x7C,0x15,0x54,0x1B,0x6C,0x3F,0xFE,
    0x00,0x00,0x3F,0xFE,0x00,0x00,0xFF,0xFF,0x0C,0x18,0x1E,0x3C,0x1E,0x3C,0x0C,0x18,
    0x00,0x00,0x03,0xE0,0x03,0xE0,0x03,0x20,0x1F,0x7C,0x1F,0x7C,0x19,0x64,0x00,0x00,
    0x00,0x00,0x00,0x00,0x00,0x00,0xC0,0x01,0x0C,0x18,0x1E,0x3C,0x1E,0x3C,0x0C,0x18,
    0x00,0x00,0x00,0x00,0x01,0xC0,0x01,0xC0,0x00,0x00,0x0E,0x38,0x0E,0x38,0x3F,0xFE,
    0x3F,0xFE,0x3F,0xFE,0x3F,0xFE,0x3F,0xFE,0x00,0x00,0x00,0x00,0x00,0x00,0x00,0x00,
    0x04,0x00,0x04,0x00,0x07,0xC0,0x37,0xF8,0x7F,0xF8,0x7F,0xE8,0x37,0xCF,0x07,0xFF,
    0x07,0xC5,0x07,0xF9,0x37,0xFF,0x7F,0xE8,0x7F,0xC8,0x37,0xF8,0x07,0xC0,0x04,0x00,
    0x04,0x00,0x04,0x00,0x05,0x40,0x35,0x78,0x7D,0x68,0x7D,0x58,0x35,0x6F,0x05,0x7D,
    0x05,0x43,0x05,0x7D,0x35,0x6F,0x7D,0x58,0x7D,0x68,0x35,0x78,0x05,0x40,0x04,0x00,
    0x04,0x00,0x04,0x00,0x00,0x00,0x30,0x38,0x78,0x38,0x78,0x18,0x30,0x1F,0x00,0x3F,
    0x00,0x03,0x00,0x3B,0x30,0x3F,0x78,0x18,0x78,0x18,0x30,0x38,0x00,0x00,0x04,0x00,
    0x00,0x00,0x00,0x00,0x07,0xC0,0x07,0xC0,0x07,0xF0,0x07,0xF0,0x07,0xF0,0x07,0xC6,
    0x07,0xC6,0x07,0xC6,0x07,0xF0,0x07,0xF0,0x07,0xF0,0x07,0xC0,0x07,0xC0,0x00,0x00,
    0x00,0x00,0x03,0xE0,0x02,0x60,0x02,0xE0,0x1F,0x7C,0x13,0x4C,0x17,0x5C,0x3F,0xFE,
    0x3F,0xFE,0x3F,0xFE,0x3F,0xFE,0xFF,0xFF,0x0C,0x18,0x1E,0x3C,0x1E,0x3C,0x0C,0x18,
    0x00,0x00,0x03,0xE0,0x02,0xA0,0x03,0x60,0x1F,0x7C,0x15,0x54,0x1B,0x6C,0x3F,0xFE,
    0x00,0x00,0x3F,0xFE,0x00,0x00,0xFF,0xFF,0x0C,0x18,0x1E,0x3C,0x1E,0x3C,0x0C,0x18,
    0x00,0x00,0x03,0xE0,0x03,0xE0,0x02,0x60,0x1F,0x7C,0x1F,0x7C,0x13,0x4C,0x00,0x00,
    0x00,0x00,0x00,0x00,0x00,0x00,0xC0,0x01,0x0C,0x18,0x1E,0x3C,0x1E,0x3C,0x0C,0x18,
    0x00,0x00,0x00,0x00,0x01,0xC0,0x01,0xC0,0x00,0x00,0x0E,0x38,0x0E,0x38,0x3F,0xFE,
    0x3F,0xFE,0x3F,0xFE,0x3F,0xFE,0x3F,0xFE,0x00,0x00,0x00,0x00,0x00,0x00,0x00,0x00,
    0x00,0x10,0x00,0x10,0x01,0xF0,0x0F,0xF6,0x09,0xFF,0x0B,0xFF,0x7F,0xF6,0x4F,0xF0,
    0x51,0xF0,0x7F,0xF0,0x79,0xF6,0x0B,0xFF,0x0F,0xFF,0x0F,0xF6,0x01,0xF0,0x00,0x10,
    0x00,0x10,0x00,0x10,0x01,0x50,0x0F,0x56,0x0B,0x5F,0x0D,0x5F,0x7B,0x56,0x5F,0x50,
    0x61,0x50,0x5F,0x50,0x7B,0x56,0x0D,0x5F,0x0B,0x5F,0x0F,0x56,0x01,0x50,0x00,0x10,
    0x00,0x10,0x00,0x10,0x00,0x00,0x0E,0x06,0x0C,0x0F,0x0C,0x0F,0x7E,0x06,0x6E,0x00,
    0x60,0x00,0x7E,0x00,0x7C,0x06,0x0C,0x0F,0x0E,0x0F,0x0E,0x06,0x00,0x00,0x00,0x10,
    0x00,0x00,0x00,0x00,0x01,0xF0,0x01,0xF0,0x07,0xF0,0x07,0xF0,0x07,0xF0,0x31,0xF0,
    0x31,0xF0,0x31,0xF0,0x07,0xF0,0x07,0xF0,0x07,0xF0,0x01,0xF0,0x01,0xF0,0x00,0x00,
    0x00,0x00,0x00,0x00,0x00,0x00,0x00,0x00,0x02,0xF0,0x06,0xF8,0x00,0x00,0x00,0x00,
    0x0C,0x0C,0x1E,0x1E,0x0C,0x0C,0xC0,0x01,0x4C,0x18,0x1E,0x3C,0x1E,0x3C,0x0C,0x18,
    0x00,0x00,0x00,0x00,0x00,0x00,0x01,0xF8,0x01,0x0C,0x01,0x06,0x1F,0xFC,0x3F,0xFE,
    0x3F,0xFE,0x12,0x12,0x0C,0x0C,0xC0,0x01,0x4C,0x18,0x1E,0x3C,0x1E,0x3C,0x0C,0x18,
    0x00,0x00,0x00,0x00,0x00,0x80,0x00,0x00,0x00,0x00,0x00,0x00,0x00,0x02,0x20,0x00,
    0x0C,0x0C,0x1E,0x1E,0x2C,0x0E,0xFF,0xFF,0x4C,0x18,0x1E,0x3C,0x1E,0x3C,0x0C,0x18,
    0x00,0x00,0x00,0x00,0x00,0x80,0x01,0xF8,0x03,0xFC,0x07,0xFE,0x1F,0xFE,0x3F,0xFE,
    0x00,0x00,0x04,0x04,0x20,0x02,0x3F,0xFE,0x00,0x00,0x00,0x00,0x00,0x00,0x00,0x00,
    0x04,0x00,0x04,0x00,0x00,0x00,0x31,0x00,0x7B,0x80,0x7B,0x90,0x31,0x18,0x00,0x00,
    0x00,0x18,0x00,0x18,0x30,0x18,0x79,0x18,0x7B,0x90,0x33,0x80,0x01,0x00,0x04,0x00,
    0x04,0x00,0x04,0x00,0x00,0xC0,0x31,0xE0,0x7A,0xE0,0x7A,0xE0,0x31,0xE0,0x00,0xFC,
    0x00,0xE4,0x00,0xE4,0x30,0xE4,0x79,0xE4,0x7A,0xEC,0x32,0xF8,0x01,0xD0,0x04,0x00,
    0x04,0x00,0x04,0x00,0x06,0x40,0x35,0x00,0x7F,0x80,0x7F,0x80,0x35,0x00,0x04,0x00,
    0x04,0x02,0x04,0x00,0x34,0x00,0x7D,0x00,0x7F,0x80,0x37,0x80,0x07,0x20,0x04,0x00,
    0x00,0x00,0x00,0x00,0x06,0x40,0x04,0x60,0x04,0x60,0x05,0x70,0x04,0x78,0x04,0x7C,
    0x04,0x7E,0x04,0x7C,0x04,0x7C,0x04,0x7C,0x04,0x7C,0x05,0x78,0x06,0x70,0x00,0x00,
    0x00,0x00,0x00,0x00,0x00,0x00,0x00,0x00,0x07,0xA0,0x0F,0xB0,0x00,0x00,0x00,0x00,
    0x18,0x18,0x3C,0x3C,0x18,0x18,0xC0,0x01,0x0C,0x18,0x1E,0x3C,0x1E,0x3C,0x0C,0x18,
    0x00,0x00,0x00,0x00,0x00,0x00,0x0F,0xC0,0x18,0x40,0x30,0x40,0x1F,0xFC,0x3F,0xFE,
    0x3F,0xFE,0x24,0x24,0x18,0x18,0xC0,0x01,0x0C,0x18,0x1E,0x3C,0x1E,0x3C,0x0C,0x18,
    0x00,0x00,0x00,0x00,0x00,0x80,0x00,0x00,0x00,0x00,0x00,0x00,0x20,0x00,0x00,0x02,
    0x18,0x18,0x3C,0x3C,0x38,0x1A,0xFF,0xFF,0x0C,0x18,0x1E,0x3C,0x1E,0x3C,0x0C,0x18,
    0x00,0x00,0x00,0x00,0x00,0x80,0x0F,0xC0,0x1F,0xE0,0x3F,0xF0,0x3F,0xFC,0x3F,0xFE,
    0x00,0x00,0x10,0x10,0x20,0x02,0x3F,0xFE,0x00,0x00,0x00,0x00,0x00,0x00,0x00,0x00,
    0x00,0x10,0x00,0x10,0x00,0x40,0x00,0xE6,0x04,0xEF,0x0C,0x4F,0x0C,0x06,0x0C,0x00,
    0x0C,0x00,0x00,0x00,0x0C,0x46,0x04,0xEF,0x00,0xEF,0x00,0x46,0x00,0x00,0x00,0x10,
    0x00,0x10,0x00,0x10,0x05,0xC0,0x0F,0xA6,0x1B,0xAF,0x13,0xCF,0x13,0x86,0x13,0x80,
    0x13,0x80,0x1F,0x80,0x03,0xC6,0x03,0xAF,0x03,0xAF,0x03,0xC6,0x01,0x80,0x00,0x10,
    0x00,0x10,0x00,0x10,0x02,0x70,0x00,0xF6,0x00,0xFF,0x00,0x5F,0x00,0x16,0x00,0x10,
    0x20,0x10,0x00,0x10,0x00,0x56,0x00,0xFF,0x00,0xFF,0x00,0x56,0x01,0x30,0x00,0x10,
    0x00,0x00,0x00,0x00,0x07,0x30,0x0F,0x50,0x1F,0x10,0x1F,0x10,0x1F,0x10,0x1F,0x10,
    0x3F,0x10,0x1F,0x10,0x0F,0x10,0x07,0x50,0x03,0x10,0x03,0x10,0x01,0x30,0x00,0x00,
    0x00,0x00,0x00,0x00,0x00,0x00,0x00,0x00,0x00,0x00,0x00,0x00,0x00,0x00,0x00,0x00,
    0x00,0x00,0x00,0x00,0x00,0x00,0xC0,0x01,0x0C,0x18,0x1E,0x3C,0x1E,0x3C,0x0C,0x18,
    0x00,0x00,0x00,0x00,0x00,0x00,0x0E,0x38,0x00,0x00,0x00,0x00,0x3F,0xFE,0x00,0x00,
    0x00,0x00,0x00,0x00,0x00,0x00,0xC0,0x01,0x0C,0x18,0x1E,0x3C,0x1E,0x3C,0x0C,0x18,
    0x00,0x00,0x00,0x00,0x00,0x00,0x0E,0x38,0x0E,0x38,0x3F,0xFE,0x3F,0xFE,0x3F,0xFE,
    0x3F,0xFE,0x3F,0xFE,0x3F,0xFE,0xFF,0xFF,0x0C,0x18,0x1E,0x3C,0x1E,0x3C,0x0C,0x18,
    0x00,0x00,0x00,0x00,0x00,0x00,0x00,0x00,0x0E,0x38,0x3F,0xFE,0x3F,0xFE,0x3F,0xFE,
    0x15,0x54,0x2A,0xAA,0x00,0x00,0x00,0x00,0x00,0x00,0x00,0x00,0x00,0x00,0x00,0x00,
    0x04,0x00,0x04,0x00,0x00,0x00,0x30,0x00,0x78,0x00,0x78,0x00,0x30,0x00,0x00,0x00,
    0x00,0x00,0x00,0x00,0x30,0x00,0x78,0x00,0x78,0x00,0x30,0x00,0x00,0x00,0x04,0x00,
    0x04,0x00,0x04,0x00,0x00,0x20,0x30,0x20,0x78,0x24,0x78,0x24,0x30,0x24,0x00,0x20,
    0x00,0x20,0x00,0x20,0x30,0x24,0x78,0x24,0x78,0x24,0x30,0x20,0x00,0x20,0x04,0x00,
    0x04,0x00,0x04,0x00,0x07,0xF0,0x37,0xF0,0x7F,0xFC,0x7F,0xFC,0x37,0xFC,0x07,0xF0,
    0x07,0xF0,0x07,0xF0,0x37,0xFC,0x7F,0xFC,0x7F,0xFC,0x37,0xF0,0x07,0xF0,0x04,0x00,
    0x00,0x00,0x00,0x00,0x01,0x70,0x00,0xF0,0x01,0x78,0x00,0xF8,0x01,0x78,0x00,0xF0,
    0x01,0x70,0x00,0xF0,0x01,0x78,0x00,0xF8,0x01,0x78,0x00,0xF0,0x01,0x70,0x00,0x00,
    0x00,0x00,0x00,0x00,0x00,0x00,0x00,0x00,0x00,0x00,0x00,0x00,0x00,0x00,0x00,0x00,
    0x00,0x00,0x00,0x00,0x00,0x00,0xC0,0x01,0x0C,0x18,0x1E,0x3C,0x1E,0x3C,0x0C,0x18,
    0x00,0x00,0x00,0x00,0x00,0x00,0x0E,0x38,0x00,0x00,0x00,0x00,0x3F,0xFE,0x00,0x00,
    0x00,0x00,0x00,0x00,0x00,0x00,0xC0,0x01,0x0C,0x18,0x1E,0x3C,0x1E,0x3C,0x0C,0x18,
    0x00,0x00,0x00,0x00,0x00,0x00,0x0E,0x38,0x0E,0x38,0x3F,0xFE,0x3F,0xFE,0x3F,0xFE,
    0x3F,0xFE,0x3F,0xFE,0x3F,0xFE,0xFF,0xFF,0x0C,0x18,0x1E,0x3C,0x1E,0x3C,0x0C,0x18,
    0x00,0x00,0x00,0x00,0x00,0x00,0x00,0x00,0x0E,0x38,0x3F,0xFE,0x3F,0xFE,0x3F,0xFE,
    0x15,0x54,0x2A,0xAA,0x00,0x00,0x00,0x00,0x00,0x00,0x00,0x00,0x00,0x00,0x00,0x00,
    0x00,0x10,0x00,0x10,0x00,0x00,0x00,0x06,0x00,0x0F,0x00,0x0F,0x00,0x06,0x00,0x00,
    0x00,0x00,0x00,0x00,0x00,0x06,0x00,0x0F,0x00,0x0F,0x00,0x06,0x00,0x00,0x00,0x10,
    0x00,0x10,0x00,0x10,0x02,0x00,0x02,0x06,0x12,0x0F,0x12,0x0F,0x12,0x06,0x02,0x00,
    0x02,0x00,0x02,0x00,0x12,0x06,0x12,0x0F,0x12,0x0F,0x02,0x06,0x02,0x00,0x00,0x10,
    0x00,0x10,0x00,0x10,0x07,0xF0,0x07,0xF6,0x1F,0xFF,0x1F,0xFF,0x1F,0xF6,0x07,0xF0,
    0x07,0xF0,0x07,0xF0,0x1F,0xF6,0x1F,0xFF,0x1F,0xFF,0x07,0xF6,0x07,0xF0,0x00,0x10,
    0x00,0x00,0x00,0x00,0x07,0x40,0x07,0x80,0x0F,0x40,0x0F,0x80,0x0F,0x40,0x07,0x80,
    0x07,0x40,0x07,0x80,0x0F,0x40,0x0F,0x80,0x0F,0x40,0x07,0x80,0x07,0x40,0x00,0x00,
    0x00,0x00,0x00,0x00,0x00,0x00,0x00,0x40,0x01,0xB0,0x01,0x60,0x03,0xC0,0x00,0x00,
    0x00,0x00,0x00,0x00,0x00,0x00,0xC0,0x01,0x0C,0x18,0x1E,0x3C,0x1E,0x3C,0x0C,0x18,
    0x00,0x00,0x00,0x00,0x00,0x7C,0x01,0xDC,0x02,0xBC,0x03,0x5C,0x05,0xF8,0x00,0x00,
    0x00,0x00,0x00,0x00,0x00,0x00,0xC0,0x01,0x0C,0x18,0x1E,0x3C,0x1E,0x3C,0x0C,0x18,
    0x00,0x00,0x00,0x00,0x00,0x0C,0x00,0x64,0x00,0xF0,0x01,0xC0,0x01,0xC0,0x3F,0xFE,
    0x3F,0xFE,0x3F,0xFE,0x3F,0xFE,0xFF,0xFF,0x0C,0x18,0x1E,0x3C,0x1E,0x3C,0x0C,0x18,
    0x00,0x00,0x00,0x00,0x00,0x7C,0x01,0xFC,0x03,0xFC,0x03,0xFC,0x07,0xF8,0x3F,0xFE,
    0x00,0x00,0x3F,0xFE,0x00,0x00,0x3F,0xFE,0x00,0x00,0x00,0x00,0x00,0x00,0x00,0x00,
    0x04,0x00,0x04,0x00,0x00,0x00,0x30,0x00,0x78,0x00,0x78,0x00,0x30,0x20,0x00,0x38,
    0x00,0x28,0x00,0x34,0x30,0x18,0x78,0x08,0x78,0x00,0x30,0x00,0x00,0x00,0x04,0x00,
    0x04,0x00,0x04,0x00,0x00,0x00,0x30,0x00,0x78,0x00,0x78,0x20,0x30,0x18,0x00,0x34,
    0x00,0x2C,0x00,0x36,0x30,0x2A,0x78,0x3E,0x78,0x3E,0x30,0x1E,0x00,0x00,0x04,0x00,
    0x04,0x00,0x04,0x00,0x07,0xC0,0x37,0xC0,0x7F,0xC0,0x7F,0xC0,0x37,0xC0,0x07,0xF0,
    0x07,0xF8,0x07,0xFC,0x37,0xCC,0x7F,0xC8,0x7F,0xC2,0x37,0xC6,0x07,0xC0,0x04,0x00,
    0x00,0x00,0x00,0x00,0x05,0x40,0x05,0x40,0x05,0x40,0x05,0x60,0x05,0x78,0x05,0x7C,
    0x05,0x7C,0x05,0x7E,0x05,0x7E,0x05,0x7E,0x05,0x7E,0x05,0x5E,0x05,0x40,0x00,0x00,
    0x00,0x00,0x00,0x00,0x00,0x00,0x01,0x00,0x06,0xC0,0x03,0x40,0x01,0xE0,0x00,0x00,
    0x00,0x00,0x00,0x00,0x00,0x00,0xC0,0x01,0x0C,0x18,0x1E,0x3C,0x1E,0x3C,0x0C,0x18,
    0x00,0x00,0x00,0x00,0x1F,0x00,0x1D,0xC0,0x1E,0xA0,0x1D,0x60,0x0F,0xD0,0x00,0x00,
    0x00,0x00,0x00,0x00,0x00,0x00,0xC0,0x01,0x0C,0x18,0x1E,0x3C,0x1E,0x3C,0x0C,0x18,
    0x00,0x00,0x00,0x00,0x18,0x00,0x13,0x00,0x07,0x80,0x01,0xC0,0x01,0xC0,0x3F,0xFE,
    0x3F,0xFE,0x3F,0xFE,0x3F,0xFE,0xFF,0xFF,0x0C,0x18,0x1E,0x3C,0x1E,0x3C,0x0C,0x18,
    0x00,0x00,0x00,0x00,0x1F,0x00,0x1F,0xC0,0x1F,0xE0,0x1F,0xE0,0x0F,0xF0,0x3F,0xFE,
    0x00,0x00,0x3F,0xFE,0x00,0x00,0x3F,0xFE,0x00,0x00,0x00,0x00,0x00,0x00,0x00,0x00,
    0x00,0x10,0x00,0x10,0x00,0x00,0x00,0x06,0x00,0x0F,0x08,0x0F,0x0C,0x06,0x16,0x00,
    0x0A,0x00,0x0E,0x00,0x02,0x06,0x00,0x0F,0x00,0x0F,0x00,0x06,0x00,0x00,0x00,0x10,
    0x00,0x10,0x00,0x10,0x00,0x00,0x3C,0x06,0x3E,0x0F,0x3E,0x0F,0x2A,0x06,0x36,0x00,
    0x1A,0x00,0x16,0x00,0x0C,0x06,0x02,0x0F,0x00,0x0F,0x00,0x06,0x00,0x00,0x00,0x10,
    0x00,0x10,0x00,0x10,0x01,0xF0,0x31,0xF6,0x21,0xFF,0x09,0xFF,0x19,0xF6,0x1F,0xF0,
    0x0F,0xF0,0x07,0xF0,0x01,0xF6,0x01,0xFF,0x01,0xFF,0x01,0xF6,0x01,0xF0,0x00,0x10,
    0x00,0x00,0x00,0x00,0x01,0x50,0x3D,0x50,0x3F,0x50,0x3F,0x50,0x3F,0x50,0x3F,0x50,
    0x1F,0x50,0x1F,0x50,0x0F,0x50,0x03,0x50,0x01,0x50,0x01,0x50,0x01,0x50,0x00,0x00,
    0x00,0x00,0x00,0x50,0x00,0xE8,0x00,0xEC,0x1E,0xD4,0x3F,0xFE,0x35,0x56,0x35,0x56,
    0x35,0x52,0x24,0x12,0x24,0x12,0xFF,0xFF,0x0C,0x18,0x1E,0x3C,0x1E,0x3C,0x0C,0x18,
    0x00,0x00,0x00,0x50,0x00,0xE8,0x00,0xEC,0x1E,0xD4,0x00,0x00,0x1F,0xFC,0x1F,0xFC,
    0x1F,0xF8,0x0E,0xB8,0x0E,0xB8,0xC0,0x01,0x0C,0x18,0x1E,0x3C,0x1E,0x3C,0x0C,0x18,
    0x00,0x00,0x00,0x50,0x00,0xE8,0x00,0xEC,0x1E,0xD4,0x00,0x00,0x1F,0xFC,0x1F,0xFC,
    0x1F,0xF8,0x0E,0xB8,0x0E,0xB8,0xC0,0x01,0x0C,0x18,0x1E,0x3C,0x1E,0x3C,0x0C,0x18,
    0x00,0x00,0x00,0x20,0x00,0x10,0x00,0x10,0x01,0x20,0x3F,0xFE,0x2A,0xAA,0x2A,0xAA,
    0x2A,0xAA,0x2A,0xAA,0x2A,0xAA,0x3F,0xFE,0x00,0x00,0x00,0x00,0x00,0x00,0x00,0x00,
    0x04,0x00,0x04,0x00,0x07,0xF0,0x34,0xF8,0x7C,0x18,0x7F,0xF8,0x34,0x18,0x04,0xF0,
    0x04,0x1E,0x04,0xFF,0x34,0x16,0x7F,0xF9,0x7C,0x16,0x34,0x7C,0x07,0xF0,0x04,0x00,
    0x04,0x00,0x04,0x00,0x00,0x00,0x30,0xE8,0x7B,0xE8,0x7B,0xE8,0x33,0xE8,0x00,0xE0,
    0x03,0xEE,0x00,0xEF,0x33,0xE6,0x7B,0xE9,0x7B,0xE6,0x30,0x6C,0x00,0x00,0x04,0x00,
    0x04,0x00,0x04,0x00,0x00,0x00,0x30,0xE8,0x7B,0xE8,0x7B,0xE8,0x33,0xE8,0x00,0xE0,
    0x03,0xEE,0x00,0xEF,0x33,0xE6,0x7B,0xE9,0x7B,0xE6,0x30,0x6C,0x00,0x00,0x04,0x00,
    0x00,0x00,0x00,0x00,0x07,0xF0,0x04,0x10,0x07,0xF0,0x04,0x10,0x07,0xF0,0x04,0x18,
    0x07,0xF0,0x04,0x10,0x07,0xF9,0x04,0x16,0x07,0xF0,0x04,0x10,0x07,0xF0,0x00,0x00,
    0x00,0x00,0x05,0x00,0x0B,0x80,0x1B,0x80,0x15,0xBC,0x3F,0xFE,0x35,0x56,0x35,0x56,
    0x25,0x56,0x24,0x12,0x24,0x12,0xFF,0xFF,0x0C,0x18,0x1E,0x3C,0x1E,0x3C,0x0C,0x18,
    0x00,0x00,0x05,0x00,0x0B,0x80,0x1B,0x80,0x15,0xBC,0x00,0x00,0x1F,0xFC,0x1F,0xFC,
    0x0F,0xFC,0x0E,0xB8,0x0E,0xB8,0xC0,0x01,0x0C,0x18,0x1E,0x3C,0x1E,0x3C,0x0C,0x18,
    0x00,0x00,0x05,0x00,0x0B,0x80,0x1B,0x80,0x15,0xBC,0x00,0x00,0x1F,0xFC,0x1F,0xFC,
    0x0F,0xFC,0x0E,0xB8,0x0E,0xB8,0xC0,0x01,0x0C,0x18,0x1E,0x3C,0x1E,0x3C,0x0C,0x18,
    0x00,0x00,0x02,0x00,0x04,0x00,0x04,0x00,0x02,0x40,0x3F,0xFE,0x2A,0xAA,0x2A,0xAA,
    0x2A,0xAA,0x2A,0xAA,0x2A,0xAA,0x3F,0xFE,0x00,0x00,0x00,0x00,0x00,0x00,0x00,0x00,
    0x00,0x10,0x00,0x10,0x07,0xF0,0x1F,0x16,0x34,0x1F,0x4F,0xFF,0x34,0x16,0x7F,0x90,
    0x3C,0x10,0x07,0x90,0x0C,0x16,0x0F,0xFF,0x0C,0x1F,0x0F,0x96,0x07,0xF0,0x00,0x10,
    0x00,0x10,0x00,0x10,0x00,0x00,0x1B,0x06,0x33,0xEF,0x4B,0xEF,0x33,0xE6,0x7B,0x80,
    0x3B,0xE0,0x03,0x80,0x0B,0xE6,0x0B,0xEF,0x0B,0xEF,0x0B,0x86,0x00,0x00,0x00,0x10,
    0x00,0x10,0x00,0x10,0x00,0x00,0x1B,0x06,0x33,0xEF,0x4B,0xEF,0x33,0xE6,0x7B,0x80,
    0x3B,0xE0,0x03,0x80,0x0B,0xE6,0x0B,0xEF,0x0B,0xEF,0x0B,0x86,0x00,0x00,0x00,0x10,
    0x00,0x00,0x00,0x00,0x07,0xF0,0x04,0x10,0x07,0xF0,0x34,0x10,0x4F,0xF0,0x04,0x10,
    0x07,0xF0,0x0C,0x10,0x07,0xF0,0x04,0x10,0x07,0xF0,0x04,0x10,0x07,0xF0,0x00,0x00,
    0x00,0x00,0x00,0x00,0x00,0x00,0x00,0x00,0x00,0x00,0x08,0x00,0x02,0x00,0x0E,0x0C,
    0x00,0x0C,0x00,0x00,0x00,0x00,0xFF,0xFF,0x0C,0x18,0x1E,0x3C,0x1E,0x3C,0x0C,0x18,
    0x00,0x00,0x00,0x00,0x00,0x00,0x00,0x00,0x00,0x00,0x26,0xC0,0x2E,0xF0,0x2E,0xFE,
    0x31,0xFE,0x3F,0xF0,0x3F,0xC0,0xC0,0x01,0x0C,0x18,0x1E,0x3C,0x1E,0x3C,0x0C,0x18,
    0x00,0x00,0x00,0x00,0x00,0x00,0x00,0x00,0x00,0x00,0x17,0x00,0x1D,0x00,0x11,0x01,
    0x0E,0x01,0x00,0x00,0x00,0x00,0xC0,0x01,0x0C,0x18,0x1E,0x3C,0x1E,0x3C,0x0C,0x18,
    0x00,0x00,0x00,0x00,0x00,0x00,0x00,0x00,0x00,0x00,0x1F,0x00,0x1F,0x00,0x1F,0x0D,
    0x0E,0x0D,0x00,0x00,0x00,0x00,0x3F,0xFE,0x00,0x00,0x00,0x00,0x00,0x00,0x00,0x00,
    0x04,0x00,0x04,0x00,0x04,0x00,0x34,0x00,0x7C,0x50,0x7C,0x40,0x34,0x60,0x04,0x00,
    0x04,0x00,0x04,0x00,0x34,0x00,0x7C,0x00,0x7C,0xC0,0x34,0xC0,0x04,0x00,0x04,0x00,
    0x04,0x00,0x04,0x00,0x03,0xF0,0x33,0x80,0x7B,0x60,0x7B,0x70,0x33,0x70,0x03,0x80,
    0x03,0xF0,0x03,0xF0,0x31,0xE0,0x79,0xE0,0x78,0xC0,0x30,0xC0,0x00,0xC0,0x04,0x00,
    0x04,0x00,0x04,0x00,0x00,0x00,0x30,0x70,0x78,0xA0,0x78,0xB0,0x30,0x90,0x00,0x70,
    0x00,0x00,0x00,0x00,0x30,0x00,0x78,0x00,0x78,0x00,0x30,0x00,0x00,0x00,0x04,0xC0,
    0x00,0x00,0x00,0x00,0x04,0x00,0x04,0x70,0x04,0xF0,0x04,0xF0,0x04,0xF0,0x04,0x70,
    0x04,0x00,0x04,0x00,0x04,0x00,0x04,0x00,0x04,0xC0,0x04,0xC0,0x04,0x00,0x00,0xC0,
    0x00,0x00,0x00,0x00,0x00,0x00,0x00,0x00,0x00,0x00,0x00,0x08,0x00,0x20,0x18,0x38,
    0x18,0x00,0x00,0x00,0x00,0x00,0xFF,0xFF,0x0C,0x18,0x1E,0x3C,0x1E,0x3C,0x0C,0x18,
    0x00,0x00,0x00,0x00,0x00,0x00,0x00,0x00,0x00,0x00,0x01,0xB2,0x07,0xBA,0x3F,0xBA,
    0x3F,0xC6,0x07,0xFE,0x01,0xFE,0xC0,0x01,0x0C,0x18,0x1E,0x3C,0x1E,0x3C,0x0C,0x18,
    0x00,0x00,0x00,0x00,0x00,0x00,0x00,0x00,0x00,0x00,0x00,0x74,0x00,0x5C,0x40,0x44,
    0x40,0x38,0x00,0x00,0x00,0x00,0xC0,0x01,0x0C,0x18,0x1E,0x3C,0x1E,0x3C,0x0C,0x18,
    0x00,0x00,0x00,0x00,0x00,0x00,0x00,0x00,0x00,0x00,0x00,0x7C,0x00,0x7C,0x58,0x7C,
    0x58,0x38,0x00,0x00,0x00,0x00,0x3F,0xFE,0x00,0x00,0x00,0x00,0x00,0x00,0x00,0x00,
    0x00,0x10,0x00,0x10,0x00,0x10,0x01,0x96,0x01,0x9F,0x00,0x1F,0x00,0x16,0x00,0x10,
    0x00,0x10,0x00,0x10,0x03,0x16,0x01,0x1F,0x05,0x1F,0x00,0x16,0x00,0x10,0x00,0x10,
    0x00,0x10,0x00,0x10,0x01,0x80,0x01,0x86,0x01,0x8F,0x03,0xCF,0x03,0xC6,0x07,0xE0,
    0x07,0xE0,0x00,0xE0,0x07,0x66,0x07,0x6F,0x03,0x6F,0x00,0xE6,0x07,0xE0,0x00,0x10,
    0x00,0x10,0x01,0x90,0x00,0x00,0x00,0x06,0x00,0x0F,0x00,0x0F,0x00,0x06,0x00,0x00,
    0x00,0x00,0x07,0x00,0x04,0x86,0x06,0x8F,0x02,0x8F,0x07,0x06,0x00,0x00,0x00,0x10,
    0x00,0x00,0x01,0x80,0x00,0x10,0x01,0x90,0x01,0x90,0x00,0x10,0x00,0x10,0x00,0x10,
    0x00,0x10,0x07,0x10,0x07,0x90,0x07,0x90,0x07,0x90,0x07,0x10,0x00,0x10,0x00,0x00,
    0x00,0x00,0x00,0x00,0x00,0x00,0x00,0x00,0x00,0x00,0x00,0x00,0x00,0x00,0x00,0x00,
    0x00,0x00,0x00,0x00,0x00,0x00,0xFF,0xFF,0x0C,0x18,0x1E,0x3C,0x1E,0x3C,0x0C,0x18,
    0x00,0x00,0x00,0x00,0x00,0x00,0x16,0x34,0x0C,0x18,0x1E,0x3C,0x3F,0x7E,0x3F,0x7E,
    0x3F,0x7E,0x3F,0x7E,0x1E,0x3C,0xC0,0x01,0x0C,0x18,0x1E,0x3C,0x1E,0x3C,0x0C,0x18,
    0x00,0x00,0x00,0x00,0x00,0x00,0x16,0x34,0x0C,0x18,0x1E,0x3C,0x3F,0x7E,0x3F,0x7E,
    0x3F,0x7E,0x3F,0x7E,0x1E,0x3C,0xC0,0x01,0x0C,0x18,0x1E,0x3C,0x1E,0x3C,0x0C,0x18,
    0x00,0x00,0x00,0x00,0x00,0x00,0x00,0x00,0x08,0x10,0x0E,0x1C,0x18,0x30,0x0C,0x18,
    0x0A,0x14,0x3C,0x38,0x08,0x10,0x3F,0xFE,0x00,0x00,0x00,0x00,0x00,0x00,0x00,0x00,
    0x04,0x00,0x04,0x00,0x04,0x00,0x34,0x00,0x7C,0x00,0x7C,0x00,0x34,0x00,0x04,0x00,
    0x04,0x00,0x04,0x00,0x34,0x00,0x7C,0x00,0x7C,0x00,0x34,0x00,0x04,0x00,0x04,0x00,
    0x04,0x00,0x04,0x00,0x01,0xE0,0x33,0xF4,0x7B,0xF8,0x7B,0xFC,0x33,0xF4,0x01,0xE0,
    0x00,0x00,0x01,0xE0,0x33,0xF4,0x7B,0xFC,0x7B,0xF8,0x33,0xF4,0x01,0xE0,0x04,0x00,
    0x04,0x00,0x04,0x00,0x01,0xE0,0x33,0xF4,0x7B,0xF8,0x7B,0xFC,0x33,0xF4,0x01,0xE0,
    0x00,0x00,0x01,0xE0,0x33,0xF4,0x7B,0xFC,0x7B,0xF8,0x33,0xF4,0x01,0xE0,0x04,0x00,
    0x00,0x00,0x00,0x00,0x05,0x00,0x05,0x20,0x07,0xF8,0x05,0x50,0x04,0x90,0x04,0x00,
    0x04,0x00,0x04,0x00,0x05,0x20,0x07,0xF8,0x05,0x50,0x04,0x90,0x04,0x00,0x00,0x00,
    0x00,0x00,0x00,0x00,0x00,0x00,0x00,0x00,0x00,0x00,0x00,0x00,0x00,0x00,0x00,0x00,
    0x00,0x00,0x00,0x00,0x00,0x00,0xFF,0xFF,0x0C,0x18,0x1E,0x3C,0x1E,0x3C,0x0C,0x18,
    0x00,0x00,0x00,0x00,0x00,0x00,0x16,0x34,0x0C,0x18,0x1E,0x3C,0x3F,0x7E,0x3F,0x7E,
    0x3F,0x7E,0x3F,0x7E,0x1E,0x3C,0xC0,0x01,0x0C,0x18,0x1E,0x3C,0x1E,0x3C,0x0C,0x18,
    0x00,0x00,0x00,0x00,0x00,0x00,0x16,0x34,0x0C,0x18,0x1E,0x3C,0x3F,0x7E,0x3F,0x7E,
    0x3F,0x7E,0x3F,0x7E,0x1E,0x3C,0xC0,0x01,0x0C,0x18,0x1E,0x3C,0x1E,0x3C,0x0C,0x18,
    0x00,0x00,0x00,0x00,0x00,0x00,0x00,0x00,0x08,0x10,0x0E,0x1C,0x18,0x30,0x0C,0x18,
    0x0A,0x14,0x3C,0x38,0x08,0x10,0x3F,0xFE,0x00,0x00,0x00,0x00,0x00,0x00,0x00,0x00,
    0x00,0x10,0x00,0x10,0x00,0x10,0x00,0x16,0x00,0x1F,0x00,0x1F,0x00,0x16,0x00,0x10,
    0x00,0x10,0x00,0x10,0x00,0x16,0x00,0x1F,0x00,0x1F,0x00,0x16,0x00,0x10,0x00,0x10,
    0x00,0x10,0x00,0x10,0x03,0xC0,0x17,0xE6,0x0F,0xEF,0x1F,0xEF,0x17,0xE6,0x03,0xC0,
    0x00,0x00,0x03,0xC0,0x17,0xE6,0x1F,0xEF,0x0F,0xEF,0x17,0xE6,0x03,0xC0,0x00,0x10,
    0x00,0x10,0x00,0x10,0x03,0xC0,0x17,0xE6,0x0F,0xEF,0x1F,0xEF,0x17,0xE6,0x03,0xC0,
    0x00,0x00,0x03,0xC0,0x17,0xE6,0x1F,0xEF,0x0F,0xEF,0x17,0xE6,0x03,0xC0,0x00,0x10,
    0x00,0x00,0x00,0x00,0x00,0x10,0x04,0x90,0x05,0x50,0x0F,0xF0,0x02,0x50,0x00,0x10,
    0x00,0x10,0x00,0x10,0x04,0x90,0x05,0x50,0x0F,0xF0,0x02,0x50,0x00,0x50,0x00,0x00,
    0x00,0x00,0x00,0x00,0x00,0x00,0x00,0x00,0x80,0xF0,0xC1,0xF8,0xFF,0xFC,0xFF,0xFF,
    0x7F,0xFC,0x0F,0xF0,0x00,0x00,0xFF,0xFF,0x0C,0x18,0x1E,0x3C,0x1E,0x3C,0x0C,0x18,
    0x00,0x00,0x00,0x00,0x00,0x00,0x00,0x00,0x80,0xF0,0xC1,0xF8,0xFF,0xFC,0xFF,0xFF,
    0x7F,0xFC,0x0F,0xF0,0x1F,0xF8,0xC0,0x01,0x0C,0x18,0x1E,0x3C,0x1E,0x3C,0x0C,0x18,
    0x00,0x00,0x00,0x00,0x00,0x00,0x00,0x00,0x80,0x00,0xC0,0x00,0xFF,0xFC,0xFF,0xFF,
    0x7F,0xFC,0x0F,0xF0,0x1F,0xF8,0xC0,0x01,0x0C,0x18,0x1E,0x3C,0x1E,0x3C,0x0C,0x18,
    0x00,0x00,0x00,0x00,0x00,0x00,0x00,0x00,0x80,0xF0,0xC1,0xF8,0xFF,0xFC,0xFC,0x3F,
    0x3F,0xF8,0x0F,0xE0,0x00,0x00,0x3F,0xFE,0x00,0x00,0x00,0x00,0x00,0x00,0x00,0x00,
    0x04,0x78,0x04,0xF0,0x04,0xE0,0x34,0xE0,0x7D,0xE0,0x7D,0xE0,0x35,0xE0,0x05,0xF0,
    0x05,0xF8,0x05,0xF8,0x35,0xF8,0x7D,0xF8,0x7C,0xF0,0x34,0xE0,0x04,0x40,0x04,0x40,
    0x04,0x78,0x04,0xF0,0x00,0xE0,0x32,0xE0,0x7B,0xE0,0x7B,0xE0,0x33,0xE0,0x03,0xF0,
    0x03,0xF8,0x03,0xF8,0x33,0xF8,0x7B,0xF8,0x7A,0xF0,0x30,0xE0,0x00,0x40,0x04,0x40,
    0x04,0x78,0x04,0xF0,0x00,0xE0,0x32,0xE0,0x7B,0xE0,0x7B,0xE0,0x33,0xE0,0x03,0xE0,
    0x03,0xE0,0x03,0xE0,0x33,0xE0,0x7B,0xE0,0x7A,0xE0,0x30,0xE0,0x00,0x40,0x04,0x40,
    0x00,0x78,0x00,0x70,0x04,0xE0,0x04,0xE0,0x05,0xE0,0x05,0xE0,0x05,0xA0,0x05,0xB0,
    0x05,0xB8,0x05,0xB8,0x05,0xF8,0x04,0xF8,0x04,0xF0,0x04,0x60,0x04,0x40,0x00,0x40,
    0x00,0x00,0x00,0x00,0x00,0x00,0x00,0x00,0x0F,0x01,0x1F,0x83,0x3F,0xFF,0xFF,0xFF,
    0x3F,0xFE,0x0F,0xF0,0x00,0x00,0xFF,0xFF,0x0C,0x18,0x1E,0x3C,0x1E,0x3C,0x0C,0x18,
    0x00,0x00,0x00,0x00,0x00,0x00,0x00,0x00,0x0F,0x01,0x1F,0x83,0x3F,0xFF,0xFF,0xFF,
    0x3F,0xFE,0x0F,0xF0,0x1F,0xF8,0xC0,0x01,0x0C,0x18,0x1E,0x3C,0x1E,0x3C,0x0C,0x18,
    0x00,0x00,0x00,0x00,0x00,0x00,0x00,0x00,0x00,0x01,0x00,0x03,0x3F,0xFF,0xFF,0xFF,
    0x3F,0xFE,0x0F,0xF0,0x1F,0xF8,0xC0,0x01,0x0C,0x18,0x1E,0x3C,0x1E,0x3C,0x0C,0x18,
    0x00,0x00,0x00,0x00,0x00,0x00,0x00,0x00,0x0F,0x01,0x1F,0x83,0x3F,0xFF,0xFC,0x3F,
    0x1F,0xFC,0x07,0xF0,0x00,0x00,0x3F,0xFE,0x00,0x00,0x00,0x00,0x00,0x00,0x00,0x00,
    0x01,0x10,0x01,0x10,0x03,0x90,0x07,0x96,0x0F,0xDF,0x0F,0xDF,0x0F,0xD6,0x0F,0xD0,
    0x07,0xD0,0x03,0xD0,0x03,0xD6,0x03,0xDF,0x03,0x9F,0x03,0x96,0x07,0x90,0x0F,0x10,
    0x01,0x10,0x01,0x10,0x03,0x80,0x07,0xA6,0x0F,0xEF,0x0F,0xEF,0x0F,0xE6,0x0F,0xE0,
    0x07,0xE0,0x03,0xE0,0x03,0xE6,0x03,0xEF,0x03,0xAF,0x03,0x86,0x07,0x80,0x0F,0x10,
    0x01,0x10,0x01,0x10,0x03,0x80,0x03,0xA6,0x03,0xEF,0x03,0xEF,0x03,0xE6,0x03,0xE0,
    0x03,0xE0,0x03,0xE0,0x03,0xE6,0x03,0xEF,0x03,0xAF,0x03,0x86,0x07,0x80,0x0F,0x10,
    0x01,0x00,0x01,0x00,0x03,0x10,0x07,0x90,0x0F,0x90,0x0F,0xD0,0x0E,0xD0,0x0E,0xD0,
    0x06,0xD0,0x02,0xD0,0x03,0xD0,0x03,0xD0,0x03,0x90,0x03,0x90,0x07,0x10,0x0F,0x00,
    0x00,0x00,0x00,0x00,0x00,0x00,0x01,0x80,0x03,0xC0,0x07,0xE0,0x0F,0xF0,0x1F,0xF8,
    0x1F,0xF8,0x1F,0xF8,0x1F,0xF8,0x0F,0xF0,0x07,0xE0,0x03,0xC0,0x01,0x80,0x00,0x00,
    0x00,0x00,0x00,0x00,0x00,0x00,0x01,0x00,0x03,0x00,0x07,0x00,0x0F,0x00,0x1F,0xF8,
    0x1F,0xF8,0x1F,0xF8,0x1F,0xF8,0x0F,0x00,0x07,0x00,0x03,0x00,0x01,0x00,0x00,0x00,
    0x00,0x00,0x00,0x00,0x00,0x00,0x00,0x00,0x00,0x00,0x00,0x00,0x00,0x00,0x1F,0x00,
    0x1F,0x00,0x1F,0x00,0x1F,0x00,0x00,0x00,0x00,0x00,0x00,0x00,0x00,0x00,0x00,0x00,
    0x00,0x00,0x00,0x00,0x00,0x00,0x01,0x80,0x03,0xC0,0x07,0xE0,0x0F,0xF0,0x1F,0x00,
    0x1F,0x00,0x1F,0x00,0x1F,0x00,0x0F,0xF0,0x07,0xE0,0x03,0xC0,0x01,0x80,0x00,0x00,
    0x00,0x00,0x00,0x00,0x00,0x00,0x01,0x80,0x03,0xC0,0x07,0xE0,0x0F,0xF0,0x1F,0xF8,
    0x1F,0xF8,0x1F,0xF8,0x1F,0xF8,0x0F,0xF0,0x07,0xE0,0x03,0xC0,0x01,0x80,0x00,0x00,
    0x00,0x00,0x00,0x00,0x00,0x00,0x01,0x00,0x02,0x00,0x06,0x00,0x0C,0x00,0x1F,0xE0,
    0x1F,0xE0,0x1F,0xE0,0x1F,0xE0,0x0C,0x00,0x06,0x00,0x02,0x00,0x01,0x00,0x00,0x00,
    0x00,0x00,0x00,0x00,0x00,0x00,0x00,0x00,0x00,0x00,0x00,0x00,0x00,0x00,0x00,0x00,
    0x00,0x00,0x00,0x00,0x00,0x00,0x00,0x00,0x00,0x00,0x00,0x00,0x00,0x00,0x00,0x00,
    0x00,0x00,0x00,0x00,0x00,0x00,0x00,0x00,0x01,0x80,0x01,0x80,0x03,0xC0,0x1C,0x00,
    0x1C,0x00,0x1C,0x00,0x1C,0x00,0x03,0x80,0x01,0x00,0x01,0x00,0x00,0x00,0x00,0x00,
    0x00,0x00,0x00,0x00,0x00,0x00,0x01,0x80,0x03,0xC0,0x07,0xE0,0x0F,0xE0,0x1F,0xF8,
    0x1F,0xF8,0x1F,0xF8,0x1F,0xF8,0x0F,0xE0,0x07,0xE0,0x03,0xC0,0x01,0x80,0x00,0x00,
    0x00,0x00,0x00,0x00,0x00,0x00,0x00,0x00,0x01,0x80,0x03,0x80,0x03,0x80,0x1F,0xC0,
    0x1F,0xC0,0x1F,0xC0,0x1F,0xC0,0x03,0xC0,0x03,0x80,0x01,0x80,0x00,0x00,0x00,0x00,
    0x00,0x00,0x00,0x00,0x00,0x00,0x00,0x00,0x00,0x00,0x00,0x00,0x00,0x00,0x00,0x00,
    0x00,0x00,0x00,0x00,0x00,0x00,0x00,0x00,0x00,0x00,0x00,0x00,0x00,0x00,0x00,0x00,
    0x00,0x00,0x00,0x00,0x00,0x00,0x01,0x00,0x02,0x00,0x04,0x00,0x0C,0x00,0x07,0xF8,
    0x07,0xF8,0x07,0xF8,0x07,0xF8,0x0C,0x00,0x04,0x00,0x02,0x00,0x01,0x00,0x00,0x00,
    0x00,0x00,0x00,0x00,0x00,0x00,0x00,0x00,0x00,0x00,0x00,0x00,0x00,0x00,0x00,0x00,
    0x0A,0x00,0x0E,0x00,0x0E,0x00,0x0E,0x00,0x0E,0x00,0x3F,0xFC,0x00,0x00,0x00,0x00,
    0x00,0x00,0x00,0x00,0x00,0x00,0x00,0x00,0x21,0x8C,0x33,0xDC,0x21,0x8C,0x33,0xCC,
    0x3F,0xFC,0x1F,0x7C,0x0E,0x38,0x1F,0x7C,0x3F,0xFC,0x00,0x00,0x00,0x00,0x00,0x00,
    0x00,0x00,0x00,0x00,0x00,0x00,0x00,0x00,0x21,0x8C,0x33,0xDC,0x21,0x8C,0x33,0xCC,
    0x3F,0xFC,0x3F,0xFC,0x3F,0xFC,0x3F,0xFC,0x3F,0xFC,0x00,0x00,0x00,0x00,0x00,0x00,
    0x00,0x00,0x00,0x00,0x00,0x00,0x00,0x00,0x20,0x84,0x31,0xCC,0x20,0x84,0x31,0xC4,
    0x3B,0xEC,0x3F,0x7C,0x3E,0x38,0x3F,0x7C,0x3F,0xFC,0x3E,0x00,0x00,0x00,0x00,0x00,
    0x00,0x00,0x00,0x00,0x00,0x00,0x00,0x00,0x02,0x00,0x06,0x00,0x02,0x00,0x06,0x00,
    0x0E,0x00,0x0C,0x00,0x08,0x00,0x0C,0x00,0x0E,0x00,0x3F,0xFC,0x00,0x00,0x00,0x00,
    0x00,0x00,0x00,0x00,0x00,0x00,0x00,0x00,0x32,0x48,0x3F,0xFC,0x32,0x48,0x3F,0xFC,
    0x3F,0xFC,0x3D,0xF4,0x18,0xE0,0x3D,0xF4,0x3F,0xFC,0x00,0x00,0x00,0x00,0x00,0x00,
    0x00,0x00,0x00,0x00,0x00,0x00,0x00,0x00,0x32,0x48,0x3F,0xFC,0x32,0x48,0x3F,0xFC,
    0x3F,0xFC,0x3F,0xFC,0x3F,0xFC,0x3F,0xFC,0x3F,0xFC,0x00,0x00,0x00,0x00,0x00,0x00,
    0x00,0x00,0x00,0x00,0x00,0x00,0x00,0x00,0x22,0x08,0x27,0x1C,0x22,0x08,0x27,0x1C,
    0x2F,0xBC,0x3F,0xF4,0x3E,0xE0,0x3F,0xF4,0x3F,0xFC,0x3E,0x00,0x00,0x00,0x00,0x00,
    0x00,0x00,0x00,0x00,0x00,0x00,0x00,0x00,0x08,0x00,0x0C,0x00,0x08,0x00,0x0C,0x00,
    0x0E,0x00,0x06,0x00,0x02,0x00,0x06,0x00,0x0E,0x00,0x3F,0xFC,0x00,0x00,0x00,0x00,
    0x00,0x00,0x00,0x00,0x00,0x00,0x00,0x00,0x0C,0x30,0x1E,0x78,0x0C,0x30,0x1E,0x78,
    0x3F,0xFC,0x37,0xDC,0x23,0x8C,0x37,0xDC,0x3F,0xFC,0x00,0x00,0x00,0x00,0x00,0x00,
    0x00,0x00,0x00,0x00,0x00,0x00,0x00,0x00,0x0C,0x30,0x1E,0x78,0x0C,0x30,0x1E,0x78,
    0x3F,0xFC,0x3F,0xFC,0x3F,0xFC,0x3F,0xFC,0x3F,0xFC,0x00,0x00,0x00,0x00,0x00,0x00,
    0x00,0x00,0x00,0x00,0x00,0x00,0x00,0x00,0x08,0x20,0x1C,0x70,0x08,0x20,0x1C,0x70,
    0x3E,0xF8,0x3F,0xDC,0x3F,0x8C,0x3F,0xDC,0x3F,0xFC,0x3E,0x00,0x00,0x00,0x00,0x00,
    0x00,0x00,0x00,0x00,0x00,0x00,0x00,0x00,0x00,0x00,0x00,0x00,0x00,0x00,0x00,0x00,
    0x00,0x00,0x00,0x00,0x00,0x00,0x00,0x00,0x00,0x00,0x00,0x00,0x00,0x00,0x00,0x00,
    0x00,0x00,0x00,0x00,0x00,0xC0,0x03,0xE0,0x07,0xF0,0x0F,0xF8,0x0F,0xF8,0x0F,0xF8,
    0x07,0xF0,0x03,0xE0,0x01,0x80,0x01,0x80,0x01,0x80,0x01,0x80,0x03,0xC0,0x00,0x00,
    0x00,0x00,0x00,0x00,0x00,0x00,0x00,0x00,0x00,0x00,0x00,0x00,0x00,0x00,0x00,0x00,
    0x00,0x00,0x00,0x80,0x01,0x80,0x01,0x80,0x01,0x80,0x01,0x80,0x03,0xC0,0x00,0x00,
    0x00,0x00,0x00,0x00,0x00,0x80,0x03,0x40,0x02,0xA0,0x09,0x80,0x07,0x40,0x0C,0x00,
    0x04,0x00,0x01,0x00,0x00,0x00,0x00,0x00,0x00,0x00,0x00,0x00,0x00,0x00,0x00,0x00,
    0x00,0x00,0x00,0x00,0x00,0x00,0x00,0x00,0x00,0x00,0x00,0x00,0x00,0x00,0x00,0x00,
    0x00,0x00,0x00,0x00,0x00,0x00,0x00,0x00,0x00,0x00,0x00,0x00,0x00,0x00,0x00,0x00,
    0x00,0x00,0x00,0x00,0x01,0xC0,0x07,0xE0,0x0F,0xF0,0x1F,0xF8,0x1F,0xF8,0x1F,0xF8,
    0x0F,0xF0,0x03,0xE0,0x01,0x80,0x01,0x80,0x01,0x80,0x01,0x80,0x03,0xC0,0x00,0x00,
    0x00,0x00,0x00,0x00,0x00,0x00,0x00,0x00,0x00,0x00,0x00,0x00,0x00,0x00,0x00,0x00,
    0x00,0x00,0x00,0x80,0x01,0x80,0x01,0x80,0x01,0x80,0x01,0x80,0x03,0xC0,0x00,0x00,
    0x00,0x00,0x00,0x00,0x01,0x80,0x03,0x60,0x0B,0xA0,0x09,0xC8,0x17,0x50,0x0E,0x00,
    0x04,0x00,0x01,0x00,0x00,0x00,0x00,0x00,0x00,0x00,0x00,0x00,0x00,0x00,0x00,0x00,
    0x00,0x00,0x00,0x00,0x00,0x00,0x00,0x00,0x00,0x00,0x00,0x00,0x00,0x00,0x00,0x00,
    0x00,0x00,0x00,0x00,0x00,0x00,0x00,0x00,0x00,0x00,0x00,0x00,0x00,0x00,0x00,0x00,
    0x00,0x00,0x00,0x00,0x03,0x00,0x07,0xC0,0x0F,0xE0,0x1F,0xF0,0x1F,0xF0,0x1F,0xF0,
    0x0F,0xE0,0x07,0xC0,0x01,0x80,0x01,0x80,0x01,0x80,0x01,0x80,0x03,0xC0,0x00,0x00,
    0x00,0x00,0x00,0x00,0x00,0x00,0x00,0x00,0x00,0x00,0x00,0x00,0x00,0x00,0x00,0x00,
    0x00,0x00,0x00,0x80,0x01,0x80,0x01,0x80,0x01,0x80,0x01,0x80,0x03,0xC0,0x00,0x00,
    0x00,0x00,0x00,0x00,0x03,0x00,0x05,0x40,0x0E,0xA0,0x19,0x80,0x17,0x40,0x0C,0x00,
    0x04,0x00,0x01,0x00,0x00,0x00,0x00,0x00,0x00,0x00,0x00,0x00,0x00,0x00,0x00,0x00,
    0x00,0x00,0x00,0x00,0x00,0x00,0x00,0x00,0x00,0x00,0x00,0x00,0x00,0x00,0x00,0x00,
    0x00,0x00,0x00,0x00,0x00,0x00,0x00,0x00,0x00,0x00,0x00,0x00,0x00,0x00,0x00,0x00,
    0x00,0x00,0x0E,0x00,0x0E,0x70,0x03,0xC0,0x00,0x80,0x00,0x00,0x03,0x00,0x06,0x00,
    0x0C,0x00,0x08,0x00,0x00,0x00,0x00,0x00,0x00,0x00,0x00,0x00,0x00,0x00,0x00,0x00,
    0x00,0x00,0x00,0x00,0x00,0x70,0x00,0xC0,0x00,0x80,0x07,0xF0,0x1F,0xFC,0x1F,0xFC,
    0x3F,0xFE,0x3F,0xFE,0x3F,0xFE,0x3F,0xFE,0x1F,0xFC,0x07,0xF0,0x00,0x00,0x00,0x00,
    0x00,0x00,0x00,0x00,0x00,0x00,0x00,0x00,0x00,0x00,0x07,0xE0,0x1F,0xF0,0x1F,0xF8,
    0x3F,0xF8,0x3F,0xF8,0x3F,0xF8,0x3F,0xF0,0x0F,0x80,0x00,0x00,0x00,0x00,0x00,0x00,
    0x00,0x00,0x00,0x00,0x00,0x00,0x00,0x00,0x00,0x00,0x00,0x00,0x00,0x00,0x00,0x00,
    0x00,0x00,0x00,0x00,0x00,0x00,0x00,0x00,0x00,0x00,0x00,0x00,0x00,0x00,0x00,0x00,
    0x00,0x00,0x01,0x80,0x01,0xC0,0x01,0xC0,0x00,0x80,0x00,0x00,0x03,0x00,0x07,0x00,
    0x0E,0x00,0x08,0x00,0x00,0x00,0x00,0x00,0x00,0x00,0x00,0x00,0x00,0x00,0x00,0x00,
    0x00,0x00,0x00,0x00,0x00,0x40,0x00,0xC0,0x00,0x80,0x07,0xF0,0x1F,0xFC,0x1F,0xFC,
    0x3F,0xFE,0x3F,0xFE,0x3F,0xFE,0x3F,0xFE,0x1F,0xFC,0x07,0xF0,0x00,0x00,0x00,0x00,
    0x00,0x00,0x00,0x00,0x00,0x00,0x00,0x00,0x00,0x00,0x07,0xE0,0x1F,0xF0,0x1F,0xF8,
    0x3F,0xF8,0x3F,0xF8,0x3F,0xF8,0x3F,0xF0,0x0F,0x80,0x00,0x00,0x00,0x00,0x00,0x00,
    0x00,0x00,0x00,0x00,0x00,0x00,0x00,0x00,0x00,0x00,0x00,0x00,0x00,0x00,0x00,0x00,
    0x00,0x00,0x00,0x00,0x00,0x00,0x00,0x00,0x00,0x00,0x00,0x00,0x00,0x00,0x00,0x00,
    0x00,0x00,0x00,0x78,0x03,0x78,0x01,0xC0,0x00,0x80,0x00,0x00,0x07,0x00,0x0E,0x00,
    0x0C,0x00,0x08,0x00,0x00,0x00,0x00,0x00,0x00,0x00,0x00,0x00,0x00,0x00,0x00,0x00,
    0x00,0x00,0x00,0x00,0x03,0x00,0x01,0x80,0x00,0x80,0x07,0xF0,0x1F,0xFC,0x1F,0xFC,
    0x3F,0xFE,0x3F,0xFE,0x3F,0xFE,0x3F,0xFE,0x1F,0xFC,0x07,0xF0,0x00,0x00,0x00,0x00,
    0x00,0x00,0x00,0x00,0x00,0x00,0x00,0x00,0x00,0x00,0x07,0xE0,0x1F,0xF0,0x1F,0xF8,
    0x3F,0xF8,0x3F,0xF8,0x3F,0xF8,0x3F,0xF0,0x0F,0x80,0x00,0x00,0x00,0x00,0x00,0x00,
    0x00,0x00,0x00,0x00,0x00,0x00,0x00,0x04,0x00,0x5C,0x00,0x18,0x00,0x10,0x18,0x30,
    0x0C,0x78,0x07,0xF8,0x0F,0x18,0x1F,0x08,0x16,0x28,0x00,0x00,0x00,0x00,0x00,0x00,
    0x00,0x00,0x00,0x00,0x00,0x14,0x00,0x1C,0x00,0x2B,0x00,0x3E,0x00,0x34,0x3F,0xF8,
    0x7F,0xF8,0x7F,0xF8,0x5F,0xF8,0x54,0x28,0x14,0x28,0x14,0x28,0x00,0x00,0x00,0x00,
    0x00,0x00,0x00,0x00,0x00,0x14,0x00,0x1C,0x00,0x6B,0x00,0x3E,0x00,0x34,0x3F,0xF8,
    0x7F,0xF8,0x7F,0xF8,0x5F,0xF8,0x5F,0x28,0x16,0x28,0x14,0x28,0x00,0x00,0x00,0x00,
    0x00,0x00,0x00,0x00,0x00,0x14,0x00,0x04,0x00,0x48,0x00,0x18,0x00,0x10,0x18,0x30,
    0x0C,0x78,0x07,0xF8,0x0F,0x18,0x1F,0x08,0x56,0x28,0x00,0x00,0x00,0x00,0x00,0x00,
    0x00,0x00,0x00,0x00,0x00,0x00,0x00,0x04,0x00,0x5C,0x00,0x18,0x00,0x10,0x18,0x30,
    0x0C,0x78,0x07,0xF8,0x0F,0x18,0x1F,0x08,0x16,0x28,0x00,0x00,0x00,0x00,0x00,0x00,
    0x00,0x00,0x00,0x00,0x00,0x14,0x00,0x1C,0x00,0x2B,0x00,0x3E,0x00,0x34,0x3F,0xF4,
    0x7F,0xF8,0x7F,0xF8,0x7F,0xF8,0x74,0x28,0x14,0x28,0x14,0x28,0x00,0x00,0x00,0x00,
    0x00,0x00,0x00,0x00,0x00,0x14,0x00,0x1C,0x00,0x6B,0x00,0x3E,0x00,0x34,0x3F,0xF4,
    0x7F,0xF8,0x7F,0xF8,0x7F,0xF8,0x7F,0x28,0x16,0x28,0x14,0x28,0x00,0x00,0x00,0x00,
    0x00,0x00,0x00,0x00,0x00,0x14,0x00,0x04,0x00,0x48,0x00,0x18,0x00,0x10,0x18,0x30,
    0x0C,0x78,0x07,0xF8,0x0F,0x18,0x1F,0x08,0x36,0x28,0x00,0x00,0x00,0x00,0x00,0x00,
    0x00,0x00,0x00,0x00,0x00,0x00,0x00,0x04,0x00,0x5C,0x00,0x18,0x00,0x00,0x18,0x38,
    0x0C,0x78,0x07,0xF8,0x0F,0x18,0x0F,0x08,0x16,0x28,0x00,0x00,0x00,0x00,0x00,0x00,
    0x00,0x00,0x00,0x00,0x00,0x14,0x00,0x1C,0x00,0x2B,0x00,0x3E,0x00,0x24,0x3F,0xF8,
    0x7F,0xF8,0x7F,0xF8,0x3F,0xF8,0x04,0x28,0x14,0x28,0x14,0x28,0x00,0x00,0x00,0x00,
    0x00,0x00,0x00,0x00,0x00,0x14,0x00,0x1C,0x00,0x6B,0x00,0x3E,0x00,0x24,0x3F,0xF8,
    0x7F,0xF8,0x7F,0xF8,0x3F,0xF8,0x0F,0x28,0x16,0x28,0x14,0x28,0x00,0x00,0x00,0x00,
    0x00,0x00,0x00,0x00,0x00,0x14,0x00,0x04,0x00,0x48,0x00,0x18,0x00,0x00,0x18,0x38,
    0x0C,0x78,0x07,0xF8,0x0F,0x18,0x1F,0x08,0x16,0x28,0x00,0x00,0x00,0x00,0x00,0x00,
    0x00,0x00,0x00,0x00,0x00,0x00,0x00,0x00,0x00,0x00,0x00,0x00,0x00,0x00,0x00,0x00,
    0x00,0x00,0x00,0x00,0x00,0x00,0x00,0x00,0x00,0x00,0x00,0x00,0x00,0x00,0x00,0x00,
    0x00,0x00,0x00,0x80,0x00,0x80,0x01,0x40,0x02,0x20,0x04,0x10,0x08,0x08,0x10,0x04,
    0x10,0x04,0x00,0x00,0x20,0x08,0x00,0x00,0x00,0x00,0x00,0x00,0x00,0x00,0x00,0x00,
    0x00,0x00,0x00,0x00,0x00,0x00,0x00,0x00,0x00,0x00,0x00,0x00,0x00,0x00,0x00,0x00,
    0x00,0x00,0x38,0x0E,0x7C,0x1F,0x7C,0x1F,0x7C,0x1F,0x38,0x0E,0x00,0x00,0x00,0x00,
    0x00,0x00,0x00,0x00,0x00,0x00,0x00,0x00,0x00,0x00,0x00,0x00,0x00,0x00,0x00,0x00,
    0x00,0x00,0x30,0x0C,0x78,0x1E,0x78,0x1E,0x70,0x1C,0x00,0x00,0x00,0x00,0x00,0x00,
    0x00,0x00,0x00,0x00,0x00,0x00,0x00,0x00,0x00,0x00,0x00,0x00,0x00,0x00,0x00,0x00,
    0x00,0x00,0x00,0x00,0x00,0x00,0x00,0x00,0x00,0x00,0x00,0x00,0x00,0x00,0x00,0x00,
    0x00,0x00,0x00,0x80,0x00,0x80,0x01,0x40,0x02,0x20,0x04,0x10,0x04,0x10,0x08,0x08,
    0x08,0x08,0x00,0x00,0x10,0x10,0x00,0x00,0x00,0x00,0x00,0x00,0x00,0x00,0x00,0x00,
    0x00,0x00,0x00,0x00,0x00,0x00,0x00,0x00,0x00,0x00,0x00,0x00,0x00,0x00,0x00,0x00,
    0x00,0x00,0x1C,0x1C,0x3E,0x3E,0x3E,0x3E,0x3E,0x3E,0x1C,0x1C,0x00,0x00,0x00,0x00,
    0x00,0x00,0x00,0x00,0x00,0x00,0x00,0x00,0x00,0x00,0x00,0x00,0x00,0x00,0x00,0x00,
    0x00,0x00,0x18,0x18,0x3C,0x3C,0x3C,0x3C,0x38,0x38,0x00,0x00,0x00,0x00,0x00,0x00,
    0x00,0x00,0x00,0x00,0x00,0x00,0x00,0x00,0x00,0x00,0x00,0x00,0x00,0x00,0x00,0x00,
    0x00,0x00,0x00,0x00,0x00,0x00,0x00,0x00,0x00,0x00,0x00,0x00,0x00,0x00,0x00,0x00,
    0x00,0x00,0x00,0x80,0x00,0x80,0x01,0x40,0x01,0x40,0x02,0x20,0x02,0x20,0x04,0x10,
    0x04,0x10,0x00,0x00,0x08,0x20,0x00,0x00,0x00,0x00,0x00,0x00,0x00,0x00,0x00,0x00,
    0x00,0x00,0x00,0x00,0x00,0x00,0x00,0x00,0x00,0x00,0x00,0x00,0x00,0x00,0x00,0x00,
    0x00,0x00,0x0E,0x38,0x1F,0x7C,0x1F,0x7C,0x1F,0x7C,0x0E,0x38,0x00,0x00,0x00,0x00,
    0x00,0x00,0x00,0x00,0x00,0x00,0x00,0x00,0x00,0x00,0x00,0x00,0x00,0x00,0x00,0x00,
    0x00,0x00,0x0C,0x30,0x1E,0x78,0x1E,0x78,0x1C,0x70,0x00,0x00,0x00,0x00,0x00,0x00,
    0x00,0x00,0x00,0x00,0x00,0x00,0x00,0x00,0x00,0x00,0x00,0x00,0x00,0x00,0x00,0x00,
    0x04,0x90,0x1E,0x78,0x3B,0x26,0x7F,0x99,0x7E,0x67,0x3F,0x26,0x1F,0xFC,0x07,0xF0,
    0x00,0x00,0x00,0x78,0x00,0xFC,0x00,0xFE,0x00,0xFA,0x00,0xEA,0x01,0xEA,0x03,0x82,
    0x07,0xF2,0x1F,0xFC,0x3F,0xFE,0x7F,0xFF,0x7F,0xFF,0x3F,0xFE,0x1F,0xFC,0x07,0xF0,
    0x00,0x00,0x00,0x00,0x00,0x20,0x00,0x40,0x00,0x40,0x00,0x40,0x01,0xC0,0x03,0x80,
    0x03,0x00,0x01,0x80,0x0C,0x00,0x78,0x60,0x31,0x80,0x00,0x18,0x00,0x00,0x00,0x00,
    0x00,0x00,0x00,0x00,0x00,0x00,0x00,0x00,0x00,0x00,0x00,0x00,0x00,0x00,0x00,0x00,
    0x04,0x90,0x1E,0x78,0x3F,0x26,0x7F,0x99,0x7E,0x67,0x3F,0x26,0x1F,0xFC,0x07,0xF0,
    0x00,0x00,0x00,0x00,0x00,0x00,0x00,0x00,0x00,0x00,0x00,0x00,0x00,0x00,0x00,0x00,
    0x06,0x70,0x1C,0x9C,0x3A,0x12,0x7F,0x24,0x7F,0xFF,0x3F,0xC2,0x1F,0x3C,0x07,0xF0,
    0x00,0x00,0x00,0x78,0x00,0xFC,0x00,0xFE,0x00,0xFA,0x00,0xEA,0x01,0xEA,0x03,0x82,
    0x07,0xF2,0x1F,0xFC,0x3F,0xFE,0x7F,0xFF,0x7F,0xFF,0x3F,0xFE,0x1F,0xFC,0x07,0xF0,
    0x00,0x00,0x00,0x00,0x00,0x20,0x00,0x40,0x00,0x40,0x00,0x40,0x01,0xC0,0x03,0x80,
    0x01,0x80,0x03,0x00,0x0C,0x60,0x78,0xC0,0x30,0x00,0x00,0x0C,0x00,0x00,0x00,0x00,
    0x00,0x00,0x00,0x00,0x00,0x00,0x00,0x00,0x00,0x00,0x00,0x00,0x00,0x00,0x00,0x00,
    0x06,0x70,0x1C,0x9C,0x3E,0x12,0x7F,0x24,0x7F,0xFF,0x3F,0xC2,0x1F,0x3C,0x07,0xF0,
    0x00,0x00,0x00,0x00,0x00,0x00,0x00,0x00,0x00,0x00,0x00,0x00,0x00,0x00,0x00,0x00,
    0x06,0x40,0x1E,0x4C,0x3F,0x32,0x7F,0xCE,0x5E,0x49,0x3F,0xF2,0x1F,0xCC,0x07,0xF0,
    0x00,0x00,0x00,0x78,0x00,0xFC,0x00,0xFE,0x00,0xFA,0x00,0xEA,0x01,0xEA,0x03,0x82,
    0x07,0xF2,0x1F,0xFC,0x3F,0xFE,0x7F,0xFF,0x7F,0xFF,0x3F,0xFE,0x1F,0xFC,0x07,0xF0,
    0x00,0x00,0x00,0x00,0x00,0x20,0x00,0x40,0x00,0x40,0x00,0x40,0x01,0xC0,0x03,0x80,
    0x01,0x80,0x00,0x30,0x20,0xC0,0x38,0x30,0x3C,0x00,0x00,0x0C,0x00,0x00,0x00,0x00,
    0x00,0x00,0x00,0x00,0x00,0x00,0x00,0x00,0x00,0x00,0x00,0x00,0x00,0x00,0x00,0x00,
    0x06,0x40,0x1E,0x4C,0x3F,0x32,0x7F,0xCE,0x5E,0x49,0x3F,0xF2,0x1F,0xCC,0x07,0xF0,
    0x00,0x00,0x00,0x00,0x00,0x10,0x00,0x00,0x00,0x00,0x00,0x00,0x00,0x00,0x00,0x00,
    0x00,0x00,0x00,0x00,0x00,0x00,0x00,0x00,0x00,0x00,0x00,0x00,0x00,0x00,0x00,0x00,
    0x00,0x00,0x00,0x10,0x00,0x68,0x00,0x3C,0x00,0x30,0x00,0x30,0x00,0x30,0x00,0x30,
    0x00,0x30,0x1F,0xF0,0x3F,0xF0,0x3F,0xF0,0x34,0x50,0x14,0x50,0x14,0x50,0x00,0x00,
    0x00,0x00,0x00,0x10,0x00,0x68,0x00,0x3C,0x00,0x30,0x00,0x30,0x00,0x30,0x00,0x30,
    0x00,0x30,0x1F,0xF0,0x3F,0xF0,0x3F,0xF0,0x34,0x50,0x14,0x50,0x14,0x50,0x00,0x00,
    0x00,0x00,0x00,0x10,0x00,0x68,0x00,0x1C,0x00,0x30,0x00,0x20,0x00,0x30,0x00,0x10,
    0x00,0x30,0x15,0xE0,0x1F,0xB0,0x36,0xE0,0x24,0x50,0x10,0x10,0x14,0x40,0x00,0x00,
    0x00,0x00,0x00,0x00,0x00,0x10,0x00,0x00,0x00,0x00,0x00,0x00,0x00,0x00,0x00,0x00,
    0x00,0x00,0x00,0x00,0x00,0x00,0x00,0x00,0x00,0x00,0x00,0x00,0x00,0x00,0x00,0x00,
    0x00,0x00,0x00,0x10,0x00,0x68,0x00,0x3C,0x00,0x30,0x00,0x30,0x00,0x30,0x00,0x30,
    0x00,0x30,0x1F,0xF0,0x3F,0xF0,0x5F,0xF0,0x54,0x50,0x14,0x50,0x14,0x50,0x00,0x00,
    0x00,0x00,0x00,0x10,0x00,0x68,0x00,0x3C,0x00,0x30,0x00,0x30,0x00,0x30,0x00,0x30,
    0x00,0x30,0x1F,0xF0,0x3F,0xF0,0x5F,0xF0,0x54,0x50,0x14,0x50,0x14,0x50,0x00,0x00,
    0x00,0x00,0x00,0x10,0x00,0x68,0x00,0x1C,0x00,0x30,0x00,0x20,0x00,0x30,0x00,0x10,
    0x00,0x30,0x15,0xE0,0x1F,0xB0,0x56,0xE0,0x44,0x50,0x10,0x10,0x14,0x40,0x00,0x00,
    0x00,0x00,0x00,0x00,0x00,0x00,0x00,0x10,0x00,0x00,0x00,0x00,0x00,0x00,0x00,0x00,
    0x00,0x00,0x00,0x00,0x00,0x00,0x00,0x00,0x00,0x00,0x00,0x00,0x00,0x00,0x00,0x00,
    0x00,0x00,0x00,0x00,0x00,0x50,0x00,0x28,0x00,0x3C,0x00,0x30,0x00,0x30,0x00,0x30,
    0x00,0x30,0x00,0x30,0x1F,0xF0,0x7F,0xF0,0x5F,0xF0,0x0A,0x28,0x14,0x50,0x00,0x00,
    0x00,0x00,0x00,0x00,0x00,0x50,0x00,0x28,0x00,0x3C,0x00,0x30,0x00,0x30,0x00,0x30,
    0x00,0x30,0x00,0x30,0x1F,0xF0,0x7F,0xF0,0x5F,0xF0,0x0A,0x28,0x14,0x50,0x00,0x00,
    0x00,0x00,0x00,0x00,0x00,0x50,0x00,0x28,0x00,0x1C,0x00,0x30,0x00,0x20,0x00,0x30,
    0x00,0x10,0x00,0x30,0x15,0xE0,0x5F,0xB0,0x56,0xE0,0x0A,0x28,0x14,0x40,0x00,0x00,
    0x00,0x00,0x00,0x00,0x00,0x1C,0x00,0xFE,0x03,0xFE,0x03,0xFE,0x01,0xFC,0x00,0xFC,
    0x00,0x78,0x00,0x1C,0x00,0x04,0x00,0x00,0x00,0x00,0x00,0x00,0x00,0x00,0x00,0x00,
    0x00,0x00,0x00,0x00,0x00,0x00,0x00,0x00,0x00,0x00,0x00,0x00,0x02,0x00,0x07,0x00,
    0x07,0x80,0x0F,0xE0,0x1F,0xF8,0x1F,0xE0,0x1F,0x80,0x3E,0x00,0x38,0x00,0x60,0x00,
    0x00,0x00,0x00,0x00,0x00,0x1C,0x00,0xFE,0x03,0xFE,0x03,0xFE,0x03,0xFC,0x07,0xFC,
    0x07,0xF8,0x0F,0xFC,0x1F,0xFC,0x1F,0xE0,0x1F,0x80,0x3E,0x00,0x38,0x00,0x60,0x00,
    0x00,0x00,0x00,0x00,0x00,0x18,0x00,0xF8,0x03,0xD4,0x03,0x70,0x03,0xC0,0x07,0x00,
    0x05,0x80,0x0E,0xC0,0x07,0x00,0x1A,0x00,0x1C,0x00,0x28,0x00,0x20,0x00,0x40,0x00,
    0x00,0x00,0x00,0x00,0x00,0x1C,0x00,0xFE,0x03,0xFE,0x03,0xFE,0x01,0xFC,0x00,0xFC,
    0x00,0x78,0x00,0x18,0x00,0x04,0x00,0x04,0x00,0x00,0x00,0x00,0x00,0x00,0x00,0x00,
    0x00,0x00,0x00,0x00,0x00,0x00,0x00,0x00,0x00,0x00,0x00,0x00,0x02,0x00,0x07,0x00,
    0x07,0x80,0x0F,0xE0,0x1F,0xF8,0x1F,0xE0,0x1F,0x80,0x3E,0x00,0x38,0x00,0x60,0x00,
    0x00,0x00,0x00,0x00,0x00,0x1C,0x00,0xFE,0x03,0xFE,0x03,0xFE,0x03,0xFC,0x07,0xFC,
    0x07,0xF8,0x0F,0xF8,0x1F,0xFC,0x1F,0xE4,0x1F,0x80,0x3E,0x00,0x38,0x00,0x60,0x00,
    0x00,0x00,0x00,0x00,0x00,0x18,0x00,0xF8,0x03,0xD4,0x03,0x70,0x03,0xC0,0x07,0x00,
    0x05,0x80,0x0E,0xC0,0x07,0x00,0x1A,0x00,0x1C,0x00,0x28,0x00,0x20,0x00,0x40,0x00,
    0x00,0x00,0x00,0x00,0x00,0x1C,0x00,0xFE,0x03,0xFE,0x03,0xFE,0x01,0xFC,0x00,0xFC,
    0x00,0x78,0x00,0x18,0x00,0x00,0x00,0x00,0x00,0x00,0x00,0x00,0x00,0x04,0x00,0x04,
    0x00,0x00,0x00,0x00,0x00,0x00,0x00,0x00,0x00,0x00,0x00,0x00,0x02,0x00,0x07,0x00,
    0x07,0x80,0x0F,0xE0,0x1F,0xF8,0x1F,0xE0,0x1F,0x80,0x3E,0x00,0x38,0x00,0x60,0x00,
    0x00,0x00,0x00,0x00,0x00,0x1C,0x00,0xFE,0x03,0xFE,0x03,0xFE,0x03,0xFC,0x07,0xFC,
    0x07,0xF8,0x0F,0xF8,0x1F,0xF8,0x1F,0xE0,0x1F,0x80,0x3E,0x00,0x38,0x04,0x60,0x04,
    0x00,0x00,0x00,0x00,0x00,0x18,0x00,0xF8,0x03,0xD4,0x03,0x70,0x03,0xC0,0x07,0x00,
    0x05,0x80,0x0E,0xC0,0x07,0x00,0x1A,0x00,0x1C,0x00,0x28,0x00,0x20,0x00,0x40,0x00,
    0x00,0x00,0x00,0x00,0x00,0x00,0x00,0x00,0x00,0x00,0x00,0x00,0x00,0x00,0x02,0x80,
    0x07,0xE0,0x07,0xE0,0x06,0xB4,0x3F,0xFC,0x3F,0xFC,0x3F,0xFC,0x3F,0xFC,0x00,0x00,
    0x00,0x00,0x00,0x00,0x00,0x00,0x00,0x00,0x01,0x40,0x00,0x00,0x00,0x00,0x00,0xA0,
    0x07,0xE0,0x07,0xE0,0x12,0xF0,0x3F,0xFC,0x3F,0xFC,0x3F,0xFC,0x3F,0xFC,0x00,0x00,
    0x00,0x00,0x00,0x00,0x00,0x00,0x00,0x00,0x01,0x40,0x01,0x40,0x01,0x40,0x03,0x60,
    0x07,0xE0,0x07,0xE0,0x13,0xA4,0x3F,0xFC,0x3F,0xFC,0x3F,0xFC,0x3F,0xFC,0x00,0x00,
    0x00,0x00,0x00,0x00,0x00,0x00,0x00,0x00,0x01,0x40,0x01,0x40,0x01,0x40,0x03,0xE0,
    0x07,0x00,0x07,0x80,0x07,0xD4,0x3E,0x80,0x3F,0x40,0x3E,0x80,0x3F,0x40,0x00,0x00,
    0x00,0x00,0x00,0x00,0x00,0x00,0x00,0x00,0x00,0x00,0x00,0x00,0x00,0x00,0x02,0x80,
    0x07,0xE0,0x07,0xE0,0x06,0xB4,0x3F,0xFC,0x3F,0xFC,0x3F,0xFC,0x3F,0xFC,0x00,0x00,
    0x00,0x00,0x00,0x00,0x00,0x00,0x00,0x00,0x00,0xA0,0x00,0x00,0x00,0x00,0x00,0xA0,
    0x07,0xE0,0x07,0xE0,0x12,0xF0,0x3F,0xFC,0x3F,0xFC,0x3F,0xFC,0x3F,0xFC,0x00,0x00,
    0x00,0x00,0x00,0x00,0x00,0x00,0x00,0x00,0x00,0xA0,0x01,0x40,0x01,0x40,0x03,0x60,
    0x07,0xE0,0x07,0xE0,0x13,0xA4,0x3F,0xFC,0x3F,0xFC,0x3F,0xFC,0x3F,0xFC,0x00,0x00,
    0x00,0x00,0x00,0x00,0x00,0x00,0x00,0x00,0x00,0xA0,0x01,0x40,0x01,0x40,0x03,0xE0,
    0x07,0x00,0x07,0x80,0x07,0xD4,0x3E,0x80,0x3F,0x40,0x3E,0x80,0x3F,0x40,0x00,0x00,
    0x00,0x00,0x00,0x00,0x00,0x00,0x00,0x00,0x00,0x00,0x00,0x00,0x00,0x00,0x02,0x80,
    0x07,0xE0,0x07,0xE0,0x06,0xB4,0x3F,0xFC,0x3F,0xFC,0x3F,0xFC,0x3F,0xFC,0x00,0x00,
    0x00,0x00,0x00,0x00,0x00,0x00,0x00,0x00,0x00,0x00,0x00,0x00,0x00,0x00,0x00,0xA0,
    0x07,0xE0,0x07,0xE0,0x12,0xF0,0x3F,0xFC,0x3F,0xFC,0x3F,0xFC,0x3F,0xFC,0x00,0x00,
    0x00,0x00,0x00,0x00,0x00,0x00,0x00,0x00,0x00,0x00,0x01,0x40,0x01,0x40,0x03,0x60,
    0x07,0xE0,0x07,0xE0,0x13,0xA4,0x3F,0xFC,0x3F,0xFC,0x3F,0xFC,0x3F,0xFC,0x00,0x00,
    0x00,0x00,0x00,0x00,0x00,0x00,0x00,0x00,0x00,0x00,0x01,0x40,0x01,0x40,0x03,0xE0,
    0x07,0x00,0x07,0x80,0x07,0xD4,0x3E,0x80,0x3F,0x40,0x3E,0x80,0x3F,0x40,0x00,0x00,
    0x00,0x00,0x00,0x00,0x00,0x00,0x07,0xE0,0x07,0xA0,0x07,0x60,0x06,0xE0,0x07,0xE0,
    0x01,0x80,0x0F,0xF0,0x09,0xF8,0x0F,0xF4,0x00,0x04,0x0F,0xF4,0x0F,0xF8,0x00,0x00,
    0x00,0x00,0x00,0x00,0x00,0x00,0x07,0xE0,0x06,0xE0,0x05,0x60,0x06,0xE0,0x07,0xE0,
    0x01,0x80,0x0F,0xF0,0x0B,0xF8,0x0F,0xF4,0x00,0x04,0x0F,0xF4,0x0F,0xF8,0x00,0x00,
    0x00,0x00,0x00,0x00,0x00,0x00,0x07,0xE0,0x05,0x20,0x04,0xA0,0x05,0x60,0x07,0xE0,
    0x01,0x80,0x0F,0xF0,0x0F,0xF8,0x0F,0xF4,0x00,0x04,0x0F,0xF4,0x0F,0xF8,0x00,0x00,
    0x00,0x00,0x00,0x00,0x00,0x00,0x00,0x00,0x03,0xC0,0x01,0xC0,0x03,0xC0,0x00,0x00,
    0x00,0x00,0x00,0x00,0x06,0x00,0x00,0x00,0x00,0x00,0x0F,0xF0,0x0F,0xF0,0x00,0x00,
    0x00,0x00,0x00,0x00,0x00,0x00,0x07,0xE0,0x05,0x60,0x06,0xE0,0x05,0xA0,0x07,0xE0,
    0x01,0x80,0x0F,0xF0,0x09,0xF8,0x0F,0xF4,0x00,0x04,0x0F,0xF4,0x0F,0xF8,0x00,0x00,
    0x00,0x00,0x00,0x00,0x00,0x00,0x07,0xE0,0x07,0xE0,0x07,0x20,0x05,0xE0,0x07,0xE0,
    0x01,0x80,0x0F,0xF0,0x0B,0xF8,0x0F,0xF4,0x00,0x04,0x0F,0xF4,0x0F,0xF8,0x00,0x00,
    0x00,0x00,0x00,0x00,0x00,0x00,0x07,0xE0,0x04,0xA0,0x05,0xA0,0x06,0x20,0x07,0xE0,
    0x01,0x80,0x0F,0xF0,0x0F,0xF8,0x0F,0xF4,0x00,0x04,0x0F,0xF4,0x0F,0xF8,0x00,0x00,
    0x00,0x00,0x00,0x00,0x00,0x00,0x00,0x00,0x03,0xC0,0x02,0xC0,0x03,0x80,0x00,0x00,
    0x00,0x00,0x00,0x00,0x06,0x00,0x00,0x00,0x00,0x00,0x0F,0xF0,0x0F,0xF0,0x00,0x00,
    0x00,0x00,0x00,0x00,0x00,0x00,0x07,0xE0,0x07,0xA0,0x04,0x60,0x07,0xE0,0x07,0xE0,
    0x01,0x80,0x0F,0xF0,0x09,0xF8,0x0F,0xF4,0x00,0x04,0x0F,0xF4,0x0F,0xF8,0x00,0x00,
    0x00,0x00,0x00,0x00,0x00,0x00,0x07,0xE0,0x07,0xA0,0x05,0xE0,0x06,0xE0,0x07,0xE0,
    0x01,0x80,0x0F,0xF0,0x0B,0xF8,0x0F,0xF4,0x00,0x04,0x0F,0xF4,0x0F,0xF8,0x00,0x00,
    0x00,0x00,0x00,0x00,0x00,0x00,0x07,0xE0,0x06,0x60,0x07,0x20,0x04,0x20,0x07,0xE0,
    0x01,0x80,0x0F,0xF0,0x0F,0xF8,0x0F,0xF4,0x00,0x04,0x0F,0xF4,0x0F,0xF8,0x00,0x00,
    0x00,0x00,0x00,0x00,0x00,0x00,0x00,0x00,0x03,0xC0,0x01,0x40,0x03,0xC0,0x00,0x00,
    0x00,0x00,0x00,0x00,0x06,0x00,0x00,0x00,0x00,0x00,0x0F,0xF0,0x0F,0xF0,0x00,0x00,
    0x00,0x00,0x00,0x00,0x00,0x00,0x00,0x00,0x00,0x00,0x00,0x00,0x00,0x00,0x00,0x00,
    0x02,0xF0,0x06,0xF8,0x00,0x00,0x18,0x0C,0x3C,0x1E,0x3C,0x1E,0x18,0x0C,0x00,0x00,
    0x00,0x00,0x00,0x00,0x00,0x00,0x00,0x00,0x00,0x00,0x00,0x00,0x00,0x80,0x01,0xFC,
    0x01,0x0E,0x01,0x07,0x3F,0xFE,0x7F,0xFF,0x67,0xF3,0x24,0x12,0x18,0x0C,0x00,0x00,
    0x00,0x00,0x00,0x00,0x00,0x00,0x00,0x00,0x00,0x00,0x00,0x00,0x00,0x80,0x00,0x00,
    0x00,0x00,0x00,0x00,0x00,0x01,0x58,0x0C,0x3C,0x1E,0x3C,0x1E,0x18,0x0C,0x00,0x00,
    0x00,0x00,0x00,0x00,0x00,0x00,0x00,0x00,0x00,0x00,0x00,0x00,0x00,0x80,0x01,0xFC,
    0x03,0xFE,0x07,0xFF,0x3F,0xFF,0x67,0xF3,0x08,0x04,0x10,0x08,0x00,0x00,0x00,0x00,
    0x00,0x00,0x00,0x00,0x00,0x00,0x00,0x00,0x00,0x00,0x00,0x00,0x00,0x00,0x00,0x00,
    0x00,0x00,0x02,0xF0,0x06,0xF8,0x00,0x00,0x18,0x0C,0x3C,0x1E,0x18,0x0C,0x00,0x00,
    0x00,0x00,0x00,0x00,0x00,0x00,0x00,0x00,0x00,0x00,0x00,0x00,0x00,0x00,0x00,0x00,
    0x01,0xFC,0x01,0x0E,0x01,0x07,0x3F,0xFE,0x7F,0xFF,0x67,0xF3,0x18,0x0C,0x00,0x00,
    0x00,0x00,0x00,0x00,0x00,0x00,0x00,0x00,0x00,0x00,0x00,0x00,0x00,0x00,0x00,0x80,
    0x00,0x00,0x00,0x00,0x00,0x00,0x00,0x01,0x58,0x0C,0x3C,0x1E,0x18,0x0C,0x00,0x00,
    0x00,0x00,0x00,0x00,0x00,0x00,0x00,0x00,0x00,0x00,0x00,0x00,0x00,0x00,0x00,0x80,
    0x01,0xFC,0x03,0xFE,0x07,0xFF,0x3F,0xFF,0x67,0xF3,0x10,0x08,0x00,0x00,0x00,0x00,
    0x00,0x00,0x00,0x00,0x00,0x00,0x00,0x00,0x00,0x00,0x00,0x00,0x00,0x00,0x00,0x00,
    0x02,0xF0,0x06,0xF8,0x00,0x00,0x18,0x0C,0x3C,0x1E,0x3C,0x1E,0x18,0x0C,0x00,0x00,
    0x00,0x00,0x00,0x00,0x00,0x00,0x00,0x00,0x00,0x00,0x00,0x00,0x00,0x00,0x01,0xFC,
    0x01,0x0E,0x01,0x07,0x3F,0xFE,0x7F,0xFF,0x67,0xF3,0x24,0x12,0x18,0x0C,0x00,0x00,
    0x00,0x00,0x00,0x00,0x00,0x00,0x00,0x00,0x00,0x00,0x00,0x00,0x00,0x80,0x00,0x00,
    0x00,0x00,0x00,0x00,0x00,0x01,0x58,0x0C,0x3C,0x1E,0x3C,0x1E,0x18,0x0C,0x00,0x00,
    0x00,0x00,0x00,0x00,0x00,0x00,0x00,0x00,0x00,0x00,0x00,0x00,0x00,0x80,0x01,0xFC,
    0x03,0xFE,0x07,0xFF,0x3F,0xFF,0x67,0xF3,0x10,0x08,0x08,0x04,0x00,0x00,0x00,0x00,
    0x00,0x00,0x00,0x00,0x00,0x00,0x00,0x00,0x00,0x00,0x00,0x00,0x00,0x00,0x00,0x00,
    0x00,0x00,0x00,0x00,0x00,0x00,0x00,0x00,0x00,0x80,0x00,0x80,0x01,0x00,0x01,0x00,
    0x00,0x00,0x00,0x00,0x00,0x00,0x00,0x00,0x00,0x00,0x00,0x00,0x01,0x00,0x02,0x00,
    0x00,0x00,0x00,0x00,0x00,0x00,0x00,0x00,0x00,0x80,0x00,0x80,0x01,0x00,0x01,0x00,
    0x00,0x00,0x00,0x00,0x00,0x00,0x00,0x00,0x00,0x00,0x03,0xE0,0x07,0xF0,0x07,0xF0,
    0x07,0xF0,0x07,0xF0,0x07,0xF0,0x03,0xE0,0x00,0x80,0x00,0x80,0x01,0x00,0x01,0x00,
    0x00,0x00,0x00,0x00,0x00,0x00,0x00,0x00,0x00,0x00,0x03,0xC0,0x07,0xE0,0x07,0xE0,
    0x07,0xE0,0x07,0xE0,0x03,0xC0,0x00,0x00,0x00,0x00,0x00,0x00,0x00,0x00,0x00,0x00,
    0x00,0x00,0x00,0x00,0x00,0x00,0x00,0x00,0x00,0x00,0x00,0x00,0x00,0x00,0x00,0x00,
    0x00,0x00,0x00,0x00,0x00,0x00,0x00,0x80,0x00,0x40,0x00,0x80,0x00,0x80,0x00,0x40,
    0x00,0x00,0x00,0x00,0x00,0x00,0x00,0x00,0x02,0x00,0x04,0x00,0x00,0x00,0x00,0x00,
    0x00,0x00,0x00,0x00,0x00,0x00,0x00,0x80,0x00,0x40,0x00,0x80,0x00,0x80,0x00,0x40,
    0x00,0x00,0x00,0x00,0x03,0xE0,0x07,0xF0,0x0F,0xF8,0x0F,0xF8,0x0F,0xF8,0x0F,0xF8,
    0x0F,0xF8,0x07,0xF0,0x03,0xE0,0x00,0x80,0x00,0x40,0x00,0x80,0x00,0x80,0x00,0x40,
    0x00,0x00,0x00,0x00,0x03,0xE0,0x07,0xE0,0x0F,0xF0,0x0F,0xF0,0x0F,0xF0,0x0F,0xE0,
    0x03,0xC0,0x00,0x00,0x00,0x00,0x00,0x00,0x00,0x00,0x00,0x00,0x00,0x00,0x00,0x00,
    0x00,0x00,0x00,0x00,0x00,0x00,0x00,0x00,0x00,0x00,0x00,0x00,0x00,0x00,0x00,0x00,
    0x00,0x00,0x00,0x00,0x00,0x00,0x00,0x00,0x00,0x00,0x00,0x40,0x00,0x80,0x00,0x40,
    0x00,0x00,0x00,0x00,0x00,0x00,0x00,0x00,0x02,0x00,0x04,0x00,0x00,0x00,0x00,0x00,
    0x00,0x00,0x00,0x00,0x00,0x00,0x00,0x00,0x00,0x00,0x00,0x40,0x00,0x80,0x00,0x40,
    0x00,0x00,0x01,0xE0,0x07,0xF8,0x0F,0xFC,0x0F,0xFC,0x1F,0xFE,0x1F,0xFE,0x1F,0xFE,
    0x1F,0xFE,0x0F,0xFC,0x0F,0xFC,0x07,0xF8,0x01,0xE0,0x00,0x40,0x00,0x80,0x00,0x40,
    0x00,0x00,0x01,0xE0,0x07,0xF0,0x0F,0xF8,0x0F,0xF8,0x1F,0xF8,0x1F,0xF8,0x1F,0xF0,
    0x1F,0xF0,0x07,0xE0,0x03,0x80,0x00,0x00,0x00,0x00,0x00,0x00,0x00,0x00,0x00,0x00,
    0x00,0x00,0x00,0x00,0x00,0x00,0x00,0x00,0x01,0xC0,0x07,0xF0,0x0F,0x78,0x1F,0x7C,
    0x1F,0x7C,0x3F,0x7E,0x1F,0xFC,0x1F,0xFC,0x0F,0xF8,0x07,0xF0,0x01,0xC0,0x00,0x00,
    0x00,0x00,0x00,0x00,0x01,0xC0,0x03,0xE0,0x0F,0xF8,0x1F,0x7C,0x3B,0x6E,0x3F,0x7E,
    0x7F,0x7F,0x77,0x77,0x7F,0xFF,0x3F,0xFE,0x3B,0xEE,0x1F,0x7C,0x1F,0xFC,0x33,0xE6,
    0x00,0x00,0x00,0x00,0x01,0xC0,0x00,0x00,0x01,0xC0,0x07,0x70,0x0B,0xE8,0x1F,0xFC,
    0x1F,0xFC,0x37,0xF6,0x1F,0xFC,0x1F,0xFC,0x0B,0xE8,0x07,0x70,0x11,0xC4,0x30,0x06,
    0x00,0x00,0x00,0x00,0x01,0xC0,0x03,0xE0,0x0F,0xF8,0x1F,0xFC,0x3F,0xFE,0x3F,0xFE,
    0x7F,0xFF,0x7F,0xFF,0x7F,0xFF,0x3F,0xFE,0x3F,0xFE,0x1F,0xFC,0x1F,0xFC,0x33,0xE6,
    0x00,0x00,0x00,0x00,0x00,0x00,0x01,0xC0,0x07,0xF0,0x0F,0xF8,0x1F,0xFC,0x1F,0xFC,
    0x3F,0x7E,0x1F,0xBC,0x1F,0xDC,0x0F,0xF8,0x07,0xF0,0x01,0xC0,0x00,0x00,0x00,0x00,
    0x00,0x00,0x01,0xC0,0x03,0xE0,0x0F,0xF8,0x1F,0x7C,0x3B,0xEE,0x3F,0xFE,0x7F,0xFF,
    0x77,0x77,0x7F,0xBF,0x3F,0xDE,0x3B,0xEE,0x1F,0x7C,0x1F,0xFC,0x13,0xE4,0x30,0x06,
    0x00,0x00,0x01,0xC0,0x00,0x00,0x01,0xC0,0x07,0x70,0x0B,0xE8,0x1F,0xFC,0x1F,0xFC,
    0x37,0xF6,0x1F,0xFC,0x1F,0xFC,0x0B,0xE8,0x07,0x70,0x11,0xC4,0x10,0x04,0x30,0x06,
    0x00,0x00,0x01,0xC0,0x03,0xE0,0x0F,0xF8,0x1F,0xFC,0x3F,0xFE,0x3F,0xFE,0x7F,0xFF,
    0x7F,0xFF,0x7F,0xFF,0x3F,0xFE,0x3F,0xFE,0x1F,0xFC,0x1F,0xFC,0x13,0xE4,0x30,0x06,
    0x00,0x00,0x00,0x00,0x00,0x00,0x01,0xC0,0x07,0xF0,0x0F,0xF8,0x1F,0xFC,0x1F,0xFC,
    0x3F,0x7E,0x1E,0xFC,0x1D,0xFC,0x0F,0xF8,0x07,0xF0,0x01,0xC0,0x00,0x00,0x00,0x00,
    0x00,0x00,0x01,0xC0,0x03,0xE0,0x0F,0xF8,0x1F,0x7C,0x3B,0xEE,0x3F,0xFE,0x7F,0xFF,
    0x77,0x77,0x7E,0xFF,0x3D,0xFE,0x3B,0xEE,0x1F,0x7C,0x1F,0xFC,0x13,0xE4,0x30,0x06,
    0x00,0x00,0x01,0xC0,0x00,0x00,0x01,0xC0,0x07,0x70,0x0B,0xE8,0x1F,0xFC,0x1F,0xFC,
    0x37,0xF6,0x1F,0xFC,0x1F,0xFC,0x0B,0xE8,0x07,0x70,0x11,0xC4,0x10,0x04,0x30,0x06,
    0x00,0x00,0x01,0xC0,0x03,0xE0,0x0F,0xF8,0x1F,0xFC,0x3F,0xFE,0x3F,0xFE,0x7F,0xFF,
    0x7F,0xFF,0x7F,0xFF,0x3F,0xFE,0x3F,0xFE,0x1F,0xFC,0x1F,0xFC,0x13,0xE4,0x30,0x06,
    0x00,0x00,0x00,0x00,0x00,0x00,0x00,0x70,0x00,0xEC,0x00,0xEE,0x00,0xDA,0x1F,0x3E,
    0x3F,0xFE,0x7F,0xFA,0x7F,0xF2,0x3F,0xF0,0x38,0x70,0x38,0x70,0x30,0x60,0x00,0x00,
    0x00,0x00,0x00,0x00,0x00,0x00,0x00,0x70,0x00,0xEC,0x00,0xEE,0x00,0xDA,0x1F,0x3E,
    0x3F,0xFE,0x7F,0xFA,0x7F,0xF2,0x3F,0xF0,0x38,0x70,0x38,0x70,0x30,0x60,0x00,0x00,
    0x00,0x00,0x00,0x00,0x00,0x00,0x00,0x70,0x00,0xEC,0x00,0xEE,0x00,0xDA,0x1F,0x3E,
    0x3F,0xFE,0x7F,0xFA,0x7F,0xF2,0x3F,0xF0,0x38,0x70,0x38,0x70,0x30,0x60,0x00,0x00,
    0x00,0x00,0x00,0x00,0x00,0x00,0x00,0x00,0x00,0x10,0x00,0x10,0x00,0x20,0x00,0xC0,
    0x00,0x00,0x00,0x00,0x00,0x00,0x00,0x00,0x00,0x00,0x00,0x00,0x00,0x00,0x00,0x00,
    0x00,0x00,0x00,0x00,0x00,0x00,0x00,0xE0,0x01,0xDC,0x01,0xBE,0x01,0xBA,0x1E,0x7E,
    0x3F,0xFE,0x7F,0xFA,0x7F,0xF2,0x7F,0xF0,0x38,0x70,0x38,0x70,0x30,0x60,0x00,0x00,
    0x00,0x00,0x00,0x00,0x00,0x00,0x00,0xE0,0x01,0xDC,0x01,0xBE,0x01,0xBA,0x1E,0x7E,
    0x3F,0xFE,0x7F,0xFA,0x7F,0xF2,0x7F,0xF0,0x38,0x70,0x38,0x70,0x30,0x60,0x00,0x00,
    0x00,0x00,0x00,0x00,0x00,0x00,0x00,0xE0,0x01,0xDC,0x01,0xBE,0x01,0xBA,0x1E,0x7E,
    0x3F,0xFE,0x7F,0xFA,0x7F,0xF2,0x7F,0xF0,0x38,0x70,0x38,0x70,0x30,0x60,0x00,0x00,
    0x00,0x00,0x00,0x00,0x00,0x00,0x00,0x00,0x00,0x20,0x00,0x40,0x00,0x40,0x01,0x80,
    0x00,0x00,0x00,0x00,0x00,0x00,0x00,0x00,0x00,0x00,0x00,0x00,0x00,0x00,0x00,0x00,
    0x00,0x00,0x00,0x00,0x00,0x00,0x00,0x28,0x00,0x74,0x00,0x76,0x00,0x72,0x1F,0x6E,
    0x3F,0x9E,0x7F,0xFA,0x7F,0xF2,0x7F,0xF0,0x38,0x70,0x38,0x70,0x30,0x60,0x00,0x00,
    0x00,0x00,0x00,0x00,0x00,0x00,0x00,0x28,0x00,0x74,0x00,0x76,0x00,0x72,0x1F,0x6E,
    0x3F,0x9E,0x7F,0xFA,0x7F,0xF2,0x7F,0xF0,0x38,0x70,0x38,0x70,0x30,0x60,0x00,0x00,
    0x00,0x00,0x00,0x00,0x00,0x00,0x00,0x28,0x00,0x74,0x00,0x76,0x00,0x72,0x1F,0x6E,
    0x3F,0x9E,0x7F,0xFA,0x7F,0xF2,0x7F,0xF0,0x38,0x70,0x38,0x70,0x30,0x60,0x00,0x00,
    0x00,0x00,0x00,0x00,0x00,0x00,0x00,0x10,0x00,0x08,0x00,0x08,0x00,0x08,0x00,0x90,
    0x00,0x60,0x00,0x00,0x00,0x00,0x00,0x00,0x00,0x00,0x00,0x00,0x00,0x00,0x00,0x00,
    0x00,0x00,0x00,0x00,0x00,0x00,0x7F,0xFC,0x40,0x04,0x20,0x08,0x10,0x10,0x08,0x20,
    0x04,0x40,0x02,0x80,0x01,0x00,0x01,0x00,0x01,0x00,0x01,0x00,0x1F,0xF0,0x00,0x00,
    0x00,0x00,0x00,0x00,0x00,0x00,0x7F,0xFC,0x40,0x04,0x20,0x08,0x10,0x10,0x08,0x20,
    0x04,0x40,0x02,0x80,0x01,0x00,0x01,0x00,0x01,0x00,0x01,0x00,0x1F,0xF0,0x00,0x00,
    0x00,0x00,0x00,0x00,0x00,0x00,0x00,0x00,0x00,0x00,0x1E,0x00,0x0F,0x80,0x07,0xC0,
    0x03,0x80,0x01,0x00,0x00,0x00,0x00,0x00,0x00,0x00,0x00,0x00,0x00,0x00,0x00,0x00,
    0x00,0x00,0x00,0x00,0x00,0x00,0x7F,0xFC,0x40,0x04,0x3E,0x08,0x1F,0x90,0x0F,0xE0,
    0x07,0xC0,0x03,0x80,0x01,0x00,0x01,0x00,0x01,0x00,0x01,0x00,0x1F,0xF0,0x00,0x00,
    0x00,0x00,0x00,0x00,0x00,0x00,0x7F,0xFC,0x40,0x04,0x20,0x08,0x10,0x10,0x08,0x20,
    0x04,0x40,0x02,0x80,0x01,0x00,0x01,0x00,0x01,0x00,0x01,0x00,0x1F,0xF0,0x00,0x00,
    0x00,0x00,0x00,0x00,0x00,0x00,0x7F,0xFC,0x40,0x04,0x20,0x08,0x10,0x10,0x08,0x20,
    0x04,0x40,0x02,0x80,0x01,0x00,0x01,0x00,0x01,0x00,0x01,0x00,0x1F,0xF0,0x00,0x00,
    0x00,0x00,0x00,0x00,0x00,0x00,0x00,0x00,0x00,0x00,0x18,0x30,0x0C,0x60,0x07,0xC0,
    0x03,0x80,0x01,0x00,0x00,0x00,0x00,0x00,0x00,0x00,0x00,0x00,0x00,0x00,0x00,0x00,
    0x00,0x00,0x00,0x00,0x00,0x00,0x7F,0xFC,0x40,0x04,0x38,0x38,0x1C,0x70,0x0F,0xE0,
    0x07,0xC0,0x03,0x80,0x01,0x00,0x01,0x00,0x01,0x00,0x01,0x00,0x1F,0xF0,0x00,0x00,
    0x00,0x00,0x00,0x00,0x00,0x00,0x7F,0xFC,0x40,0x04,0x20,0x08,0x10,0x10,0x08,0x20,
    0x04,0x40,0x02,0x80,0x01,0x00,0x01,0x00,0x01,0x00,0x01,0x00,0x1F,0xF0,0x00,0x00,
    0x00,0x00,0x00,0x00,0x00,0x00,0x7F,0xFC,0x40,0x04,0x20,0x08,0x10,0x10,0x08,0x20,
    0x04,0x40,0x02,0x80,0x01,0x00,0x01,0x00,0x01,0x00,0x01,0x00,0x1F,0xF0,0x00,0x00,
    0x00,0x00,0x00,0x00,0x00,0x00,0x00,0x00,0x00,0x00,0x00,0xF0,0x03,0xE0,0x07,0xC0,
    0x03,0x80,0x01,0x00,0x00,0x00,0x00,0x00,0x00,0x00,0x00,0x00,0x00,0x00,0x00,0x00,
    0x00,0x00,0x00,0x00,0x00,0x00,0x7F,0xFC,0x40,0x04,0x20,0xF8,0x13,0xF0,0x0F,0xE0,
    0x07,0xC0,0x03,0x80,0x01,0x00,0x01,0x00,0x01,0x00,0x01,0x00,0x1F,0xF0,0x00,0x00,
    0x00,0x00,0x00,0x00,0x00,0x00,0x00,0x00,0x00,0x00,0x3F,0x80,0x3F,0xF0,0x3D,0xFE,
    0x38,0xBE,0x39,0x9E,0x3F,0x1E,0x03,0xFE,0x00,0x7E,0x00,0x00,0x00,0x00,0x00,0x00,
    0x00,0x00,0x00,0x00,0x00,0x0C,0x03,0x1E,0x07,0x9E,0x3F,0x8C,0x28,0xF0,0x2A,0x1E,
    0x3F,0x02,0x3E,0x02,0x3E,0x02,0x03,0xC2,0x18,0x7E,0x3C,0x00,0x3C,0x00,0x18,0x00,
    0x00,0x00,0x00,0x00,0x00,0x0C,0x03,0x1E,0x07,0x9E,0x3F,0x8C,0x28,0xF0,0x28,0x1E,
    0x38,0x42,0x38,0x62,0x3E,0xE2,0x03,0xC2,0x18,0x7E,0x3C,0x00,0x3C,0x00,0x18,0x00,
    0x00,0x00,0x00,0x00,0x00,0x0C,0x03,0x1E,0x07,0x9E,0x3F,0x8C,0x3F,0xF0,0x3F,0xFE,
    0x3F,0xFE,0x3F,0xFE,0x3F,0xFE,0x03,0xFE,0x18,0x7E,0x3C,0x00,0x3C,0x00,0x18,0x00,
    0x00,0x00,0x00,0x00,0x00,0x00,0x00,0x00,0x00,0x00,0x00,0x00,0x3F,0xF0,0x3F,0xFE,
    0x3D,0xBE,0x38,0x9E,0x39,0x1E,0x3F,0xFE,0x00,0x7E,0x00,0x00,0x00,0x00,0x00,0x00,
    0x00,0x00,0x00,0x00,0x00,0x0C,0x03,0x1E,0x07,0x9E,0x07,0x8C,0x3F,0xF0,0x28,0x1E,
    0x2A,0x02,0x3F,0x02,0x3E,0x02,0x3F,0xC2,0x18,0x7E,0x3C,0x00,0x3C,0x00,0x18,0x00,
    0x00,0x00,0x00,0x00,0x00,0x0C,0x03,0x1E,0x07,0x9E,0x07,0x8C,0x3F,0xF0,0x28,0x1E,
    0x28,0x42,0x38,0x62,0x38,0xE2,0x3F,0xC2,0x18,0x7E,0x3C,0x00,0x3C,0x00,0x18,0x00,
    0x00,0x00,0x00,0x00,0x00,0x0C,0x03,0x1E,0x07,0x9E,0x07,0x8C,0x3F,0xF0,0x3F,0xFE,
    0x3F,0xFE,0x3F,0xFE,0x3F,0xFE,0x3F,0xFE,0x18,0x7E,0x3C,0x00,0x3C,0x00,0x18,0x00,
    0x00,0x00,0x00,0x00,0x00,0x00,0x00,0x00,0x00,0x00,0x00,0x00,0x00,0x00,0x3F,0xFE,
    0x3F,0xFE,0x3D,0xBE,0x38,0x9E,0x39,0x3E,0x3F,0xFE,0x00,0x00,0x00,0x00,0x00,0x00,
    0x00,0x00,0x00,0x00,0x00,0x0C,0x03,0x1E,0x07,0x9E,0x07,0x8C,0x03,0x00,0x3F,0xFE,
    0x28,0x02,0x2A,0x02,0x3F,0x02,0x3E,0x02,0x3F,0xFE,0x3C,0x00,0x3C,0x00,0x18,0x00,
    0x00,0x00,0x00,0x00,0x00,0x0C,0x03,0x1E,0x07,0x9E,0x07,0x8C,0x03,0x00,0x3F,0xFE,
    0x28,0x02,0x28,0x42,0x38,0x62,0x38,0xC2,0x3F,0xFE,0x3C,0x00,0x3C,0x00,0x18,0x00,
    0x00,0x00,0x00,0x00,0x00,0x0C,0x03,0x1E,0x07,0x9E,0x07,0x8C,0x03,0x00,0x3F,0xFE,
    0x3F,0xFE,0x3F,0xFE,0x3F,0xFE,0x3F,0xFE,0x3F,0xFE,0x3C,0x00,0x3C,0x00,0x18,0x00,
    0x00,0x00,0x00,0x00,0x00,0x00,0x00,0x18,0x00,0x38,0x30,0x78,0x79,0xFC,0x7F,0xFE,
    0x7F,0xFF,0x7F,0xF0,0xCF,0x80,0x1E,0x00,0x38,0x00,0x00,0x00,0x00,0x00,0x00,0x00,
    0x00,0x00,0x00,0x00,0x00,0x00,0x00,0x18,0x00,0x38,0x30,0x78,0x79,0xFC,0x7F,0xFE,
    0xFF,0xFF,0x7F,0xF0,0xCF,0x80,0x1E,0x00,0x38,0x00,0x00,0x00,0x00,0x00,0x00,0x00,
    0x00,0x00,0x00,0x00,0x00,0x00,0x00,0x18,0x00,0x38,0x30,0x78,0x79,0xC0,0x7F,0xC0,
    0xFF,0xFF,0x7F,0xF0,0xCF,0x80,0x1E,0x00,0x38,0x00,0x00,0x00,0x00,0x00,0x00,0x00,
    0x00,0x00,0x00,0x00,0x00,0x00,0x00,0x18,0x00,0x38,0x30,0x78,0x39,0xFC,0x1F,0xFE,
    0xFF,0xFF,0x67,0xE0,0xCF,0x80,0x1E,0x00,0x38,0x00,0x00,0x00,0x00,0x00,0x00,0x00,
    0x00,0x00,0x00,0x00,0x00,0x00,0x00,0x00,0x00,0x38,0x30,0x78,0x79,0xFC,0x7F,0xFE,
    0x7F,0xFF,0x7F,0xF0,0xCF,0x00,0x3C,0x00,0x00,0x00,0x00,0x00,0x00,0x00,0x00,0x00,
    0x00,0x00,0x00,0x00,0x00,0x00,0x00,0x00,0x00,0x38,0x30,0x78,0x79,0xFC,0x7F,0xFE,
    0x7F,0xFF,0x7F,0xF0,0xCF,0x00,0x3C,0x00,0x00,0x00,0x00,0x00,0x00,0x00,0x00,0x00,
    0x00,0x00,0x00,0x00,0x00,0x00,0x00,0x00,0x00,0x38,0x30,0x78,0x79,0xC0,0x7F,0xC0,
    0xFF,0xFF,0x7F,0xF0,0xCF,0x00,0x3C,0x00,0x00,0x00,0x00,0x00,0x00,0x00,0x00,0x00,
    0x00,0x00,0x00,0x00,0x00,0x00,0x00,0x00,0x00,0x38,0x30,0x78,0x39,0xFC,0x1F,0xFE,
    0xFF,0xFF,0x67,0xE0,0xCF,0x00,0x3C,0x00,0x00,0x00,0x00,0x00,0x00,0x00,0x00,0x00,
    0x00,0x00,0x00,0x00,0x00,0x18,0x00,0x38,0x60,0x78,0x30,0xF8,0x79,0xFC,0x7F,0xFE,
    0x7F,0xFF,0x7F,0xF0,0x67,0xC0,0xC7,0x80,0x0F,0x00,0x1E,0x00,0x00,0x00,0x00,0x00,
    0x00,0x00,0x00,0x00,0x00,0x18,0x00,0x38,0x60,0x78,0x30,0xF8,0x79,0xFC,0x7F,0xFE,
    0x7F,0xFF,0x7F,0xF0,0x67,0xC0,0xC7,0x80,0x0F,0x00,0x1E,0x00,0x00,0x00,0x00,0x00,
    0x00,0x00,0x00,0x00,0x00,0x18,0x00,0x38,0x60,0x78,0x30,0xF8,0x79,0xC0,0x7F,0xC0,
    0xFF,0xFF,0x7F,0xF0,0x67,0xC0,0xC7,0x80,0x0F,0x00,0x1E,0x00,0x00,0x00,0x00,0x00,
    0x00,0x00,0x00,0x00,0x00,0x18,0x00,0x38,0x60,0x78,0x30,0xF8,0x39,0xFC,0x1F,0xFE,
    0x7F,0xFF,0x67,0xE0,0x67,0xC0,0xC7,0x80,0x0F,0x00,0x1E,0x00,0x00,0x00,0x00,0x00
};
